105,-6
102.5,47
126,143
52,99
117,58
131,124
144,8
123,-11.5
124,-40
77,5.5
108,-94
118,46
91,50
85,36
155,145
129,-0.5
94,65
61,0.5
113,-35
75,112
107,66
130.5,86
160,180
138,64
129,128
131,34.5
126,107
151,280.5
129,125
142.5,116.5
131,-19
107,-95.5
137,28
98,14.5
122,27
72,250.5
112,-2
118,53.5
79,96
77,-32.5
77,-104
64,-96
92,-94
67,-6
85,136
126.5,-33.5
50,-26
102,-143.5
67,-121
99,-125
68,-163
91,-191
99,-116
116,-170.5
53,-163
61.5,20
72,-132
60,-107
74,-76
63,-18.5
76,-74
100,-179.5
24,-87
48,-133.5
38,52
8,-26.5
32,-33
38.5,-27
45,-100
19,-15.5
26,-25
-2,-5
59,-83
42,38
64,69
40,53
81,58
57.5,-71.5
44,-19
53,56.5
79,-47
40.5,1.5
43,127
42,3.5
22,-8
-10,162
-23,114
20,90.5
22,-31
-16,-38.5
-12,-143
-3,-13.5
-12,87
14,-24.5
18,-189
11,-134
14,-110
12,-105
45,-136
-8,2
1,4
11,-63
-17,50
15,30.5
12,133
-2,47.5
9,-43
-19,-130
15,-117
9,55
16,145
34.5,35
41,-78
13,-126.5
40,19
3.5,-19
-34,-105
33,-195.5
5,-48
-9,-24.5
19,-81
-5,-55.5
-5,15
-32.5,-98
-33,-156
-41,-203
-21,-237
-8.5,-134.5
-23,19
-8,-116
-7,-152
25,-34
11,-29
-8,-55.5
22,-82
17,-66.5
18,-1
37,16.5
5,-60
37,-85
25,-73
21,-44
7,-31
25,-33.5
25,-121
-12,-98
-13,-174
6,9.5
11,29
-17.5,-44.5
-31,-135
-10,-2
-20,4
6.5,-15
-45,-42
-35,-106.5
1,-169
-10,-176
-4,-147
-22,-118
-14,-143
-17,-139
-32,-113
-12,-81
4,-71
-16,-62.5
16,-232
-14.5,-214
-45,-19
-8,-166
-58,-245
-28,-170
-24,-89
-2,-124.5
-49,-99
-42,-25
-2,-4
-23,-128
-20,-221
-24,-207.5
1,-154
-25.5,324
-29,647
14,312.5
-39,278
-57,106.5
-39,713
-38,80
-22,-166
-26.5,-219
-30,-144
27.5,-302.5
14,977
20,642
-16,122
-25,528.5
-11,180
-28,21
7,82
23,177
-21,55
34,-147.5
-8,-177
-29,-204.5
-5,-130
-45,-41.5
-3,-4
-50,-82
-6,-134
-9,-101
24,-32
50,-34
29,-108
26,-108
35,-182
2,-236
6,-68
21.5,26
22,-145
21.5,-55
44,-125
35,-136
23,40
28,-18
-13,-22
-6,-56
-7,-9
-4,-126
13,43
-21,-2
-21,-101
-50,-58
-37,-128
-14,-175
13,-183
-17,-18
-25,-67
-19,-39
3,-172
23,-171
-35,164
-39,294
-7,638
-31,693
23,247
-31,87
9,808
-23,725
-31,1740
-15,2717.5
-35,1381
-38,3078.5
31,1433
-50,1415.5
-18,1736
-9,768
1,1135
-15,972
-20,1762
-11,2265.5
-46,2187
-42,2019
-53,1371
-39,841.5
-7,408
-10,1377
-17,1757
-22,946
-12,926
-49,1255.5
-53,3164
-23,8697.5
31,6894
24,1251
38,556
1,970.5
-37,1039
-20.5,1003
-21,675
-19,620
-4,822
-17,812.5
-15,584
-29,559
-21,712
-4,572.5
-6,613
-15,404
-15,472
-12,502.5
-18,301
0,403
30,189
10.5,148
-9,87
-21,166.5
-5,182
-1,158
38,123
29,14
14,11
31,25
25,4
17,37
9,-13
43,-66
35,-85
26,-59.5
31,-33
-2,-158.5
5,-4
-4,14
-4,110
-3.5,40
2,64
-5,73
21,94
60,-4
15,191
5,143.5
-28,1443
-4,4824
-23,4997
-5,3921
11,3454
-6,2075
-10,481
17,176.5
13,140
8.5,2.5
33,4
1,-104
-30,-25
62,-16
58,-17
43,153.5
55,185
-12.5,20
8,-68
-4,-112
18,-60
12,13
-13,-13
45,474
-3,452
-3,8
85,187
101,884.5
59,2173
37,3236
74,2654
211.5,3005
248,3386
429.5,2043
360,785
111,559
24,620
46,161.5
23,61
78,104
24,140
20.5,115
32,-55
-5.5,-63
18,20
51,5
-30,70
-19,-113
-39,-72
-68,-12
-22,-35
-31,-41
-37,-136
-20,-49
-18,-67
-48,-211
-34,-107
-27,86.5
17,-127
-2.5,-37
-32,-25
-69,5
3,-56
-4,-102.5
7,-153
27,-161.5
-21,-205
-12,-174
-9,-102
-17,-82
-49,-92
-43,-124
-18,-137
-14,-115.5
-22,-116
-37,-21
-16,27
-31,-135.5
-16,-102
16,-118
-19,-164
-22,-48.5
-34,-49
-8,-115
-21,-128
2,-140.5
-8,-182
-16,-48
-9,37
-37,-108.5
-17,-4
-19,12
-28,51
-2,-62
-38,-70
-70,70
-52,76
-16,55.5
-29,37
17,123
-15,176
-50,136
-29,195
-59,612
-33,481
-56,410
-22,602
-42,457
-65,300
-17,133
-35,98
-30,110.5
-39,141
-29,77
-41,35
-32,-30
-57,-48
3,-157
-42,-180
-36,-58
-15,-41
-65,-30
-40,-6
-55,-38.5
0,-40
-20.5,-110
-61,-57
-28,-23
-17,-68
-12,-93.5
-4,86
-8,168
-20,41
4,40.5
-16,25
-31,16
-7,167
4,-24
-3,-37
-10.5,-42.5
-45,-41
-21,89
-16,18
-20,6
-4,114
-43,161
-46,91
-41,192
-13,-23
9,-10
-8,-22
-9,21
-10,-119
-33.5,12.5
-34,-21
-57,-97
-29,80
31,-79
-4,-120
-9,-86
-33,-81
-18,-123.5
-41,-50
-49,-115
-17,136
-25,-95
4,-46
-33,-31.5
7,-103
-3,-118
-3,-35
-29.5,-217.5
-41,-83
12,74.5
-34,-10
-21,165.5
-40,26
-41,-41
-57,-74
-50,-6.5
-56,-3
-49,15
-33,51
-22,80
-21,64
-22,-17
-9,11
-31,27
-37,-78
-37,55
-38,-6
11,100
-8,54
6,-89
29,-30
12,-31
10,48
-6,-55
28,-33
6,-75
1,-59
15,-18
50,4
133,-132
135,-65
99,-134
96,-140
91,-79
139,43
196,-40
184,36
218,-5
274,13
414,-42
571,-107
418,-59
386,24
420,25
471,-49
421,17
527,212
502,222
571,-21
863,-3
1203,-139
1435,-166
1456,120
1661,-28
2016,169
2094,71
2071,18
1920,43
1607,57
1279,50
931,-45
924,-83
902,-115
903,-169
1005,-37
956,-28
1076,-9
1040,-107
1248,-28
1359,-86
1381,-78
1083,-78
1078,-36
1177,-102
1177,-61
998,-152
776,-104
705,-75
668,-79
672,-118
483,-134
404,-261
327,-180
385,-103
403,-169
393,-104
233,-97
192,40
176,1
163,-7
139,176
72,104
18,-66
-2,-188
22,-76
64,-94
-4,42
-4,41
-15,-79
31,-96
44,-113
30,-71
27,-40
5,-63
31,81
-35,80
-22,13
10,-81
-25,133
-67,237
-22,270
-59,262
-47,209
-51,249
-40,230
-47,214
-19,262
-31,324
-21,406
-21,306
-43,347
-41,172
-7,296
-22,526
-38,409
-37,288
9,241
4,228
15,269
40,225
121,231
66,270
60,97
114,128
110,173
86,180
85,25
101,-49
81,23
41,53
35,76
-31,168
22,178
19,108
-6,89
-9,118
36,142
-7,104
-17,175
-12,138
-13,52
5,95
-23,36
-28,106
-7,164
-15,5
-47,108
-27,46
-21,100
-54,99
-38,164
-33,223
-48,142
-16,18
-28,247
-62,166
-27,189
-24,232
-51,292
-62,333
-37,344
-53,249
-25,147
-21,160
-72,260
-29,118
-60,435
-64,578
-44,543
-14,459
-10,432
-13,331
-27,617
-13,503
-38,515
-8,579
-43,629
-41,587
-46,484
-42,423
-16,561
-54,462
21,309
-3,464
17,406
26,410
-10,373
22,353
-34,263
-32,389
-1,455
-19,479
-30,548
-48,523
-65,569
-34,509
-42,532
-28,429
30,402
-7,473
-18,352
12,324
18,445
-13,352
37,307
33,327
17,369
3,302
-10,417
7,281
36,-3
-8,244
24,173
6,89
-17,-2
15,43
6,-24
22,-20
-4,0
1,81
-8,-37
32,56
2,-38
-7,-94
-13,-67
7,-26
-6,118
-35,89
19,-17
-26,-73
-3,25
-47,-78
27,-140
-35,-67
1,-56
-34,-62
9,-163
-47,32
-1,10
13,-127
-24,-209
-7,-131
0,-136
-30,-186
-41,-139
7,-128
-34,-99
-17,-127
-33,-210
-2,-97
-6,-39
29,-131
-25,-110
-24,-22
-23,-91
-18,-97
15,-83
17,-75
13,-59
-5,-35
-27,-83
-32,-79
-18,-127
-32,-78
-44,-132
-2,-143
-17,-164
-1,-149
29,-21
6,-157
-23,-141
-59,-69
-51,-126
-30,-51
-49,-50
-18,55
-29,98
-30,79
-34,72
-12,118
-13,88
-16,59
28,-70
7,-132
3,-51
16,-84
60,-44
35,-9
56,-67
38,41
-7,126
36,182
52,248
39,313
79,119
1,-31
13,-6
-6,131
43,-40
17,50
-4,47
77,-47
43,-30
49,-87
66,-3
65,74
86,-19
48,-74
36,-81
19,45
52,72
10,-60
7,-187
25,-163
49,-162
5,-113
11,-117
17,-89
-18,-135
1,-96
47,-162
-4,-52
40,-19
16,-52
29,-96
44,15
45,-6
9,-82
22,-29
20,32
43,209
49,82
52,57
23,22
25,68
24,28
-7,-61
2,-68
6,53
8,91
0,11
-30,-36
3,-72
-14,-50
-39,-22
-7,-51
-8,-132
-7,-49
-12,-91
13,-120
-8,-154
-18,-112
-10,-167
-15,-73
-27,-124
-25,-101
-54,-92
-6,-26
-27,40
3,-15
-50,-21
-41,-102
-63,127
-33,181
-11,77
-9,116
-44,6
-18,-6
-8,0
-11,50
-23,60
-45,114
-40,60
13,120
-30,197
-30,156
-34,123
-26,22
-7,-23
-9,1
-8,55
-15,-14
-42,-89
-24,-150
-34,20
-16,17
8,-11
-19,-110
-37,-116
-55,-121
-34,8
-9,6
-34,-42
-11,-95
-31,-29
-8,-105
-28,-179
-8,-151
-4,148
-8,224
-23,213
-17,658
-39,926
-35,316
-9,325
24,413
-45,1207
-35,4036
-21,4405
21,7046
26,5898
46,1924
9,679
-6,592
-15,424
-4,784
3,1301
10,580
-15,427
24,235
11,136
20,50
-6,-76
-6,27
12,82
8,324
28,361
44,344
7,265
6,194
-22,95
2,67
10,7
22,35
23,238
31,382
18,289
59,175
4,830
33,729
9,1779
29,2042
31,1428
27,1094
62,433
24,499
58,188
64,65
12,-90
43,-38
61,-87
25,15
59,-28
50,27
72,-30
60,6
16,-115
70,-65
34,-59
80,-107
63,-99
59,-105
111,-55
85,144
119,353
93,590
129,630
91,367
79,176
80,61
130,-31
159,-13
108,-41
126,-45
89,81
89,76
127,98
122,40
100,542
99,477
122,466
117,297
129,370
147,250
119,94
144,75
86,74
181,131
114,98
168,-70
158,49
120,-105
117,-178
172,21
125,51
180,210
182,63
163,43
149,103
159,-20
82,996
115,811
136,132
169,-36
178,55
158,25
107,102
157,178
139,-25
120,-38
108,101
91,-35
119,-90
179,10
117,-25
97,111
127,109
158,49
145,70
178,110
140,137
140,71
185,178
88,206
157,187
158,359
116,206
77,71
119,255
125,184
89,262
75,239
122,96
110,105
62,100
80,134
106,48
103,122
135,-74
86,-20
99,80
140,-57
98,-65
100,34
78,22
134,75
101,-71
96,-45
70,-69
105,-45
22,-8
29,-37
27,-150
82,-96
72,-205
35,-179
97,-135
83,-169
51,-140
103,-58
57,-153
93,-124
72,-122
25,-215
62,-175
19,-81
65,-66
31,84
66,-4
27,-112
40,-37
47,24
63,-58
33,-29
64,-131
65,-16
31,-132
46,-89
37,11
52,114
-19,-42
14,-14
39,-30
5,-24
39,34
25,267
-22,259
-4,205
-20,246
9,341
31,345
35,246
29,86
32,168
16,213
-21,225
-10,110
-26,-6
-7,-96
4,45
21,67
64,23
43,28
23,-6
-12,96
21,172
-2,-8
27,-92
7,15
-19,-24
-28,-133
3,-10
15,-175
27,-149
18,-87
-6,-123
25,-40
-21,3
15,-22
20,-4
24,-16
74,54
57,87
55,101
-9,14
50,-72
60,159
48,160
67,-84
61,-38
131,67
238,83
210,-122
160,-82
120,-72
169,-104
234,103
286,-186
259,-186
221,-112
264,-124
163,18
208,-115
201,-28
193,-35
132,40
51,-49
38,-141
19,-40
25,-17
3,-27
-12,-38
0,106
-10,-5
-15,49
-11,32
-45,-46
-48,9
-54,-2
-25,-81
-76,-44
-7,-146
-23,-197
-6,-94
-14,-104
-10,-85
-17,-131
-19,42
-55,-42
-26,-108
-43,-68
-32,-150
-9,28
1,137
-25,537
-7,413
-25,245
21,690
-25,805
0,1900
-19,3840
-37,2860
-5,2393
-47,4103
1,3625
-35,3132
-55,2547
-23,2672
-51,2554
15,1346
-43,763
12,705
22,1121
17,357
-36,27
-23,97
-9,159
-35,111
-32,122
-44,-11
-55,25
-20,75
-3,-10
-13,-36
-18,7
-13,-4
-45,-77
-6,28
-22,-19
-30,118
-33,-39
-15,-42
-56,-180
-50,-23
-23,-143
-1,-20
-14,1
-49,-93
-24,15
-20,48
5,-71
17,-48
-12,-179
29,-112
13,-80
-49,-32
-17,-45
-52,-93
3,-54
-31,-167
-30,-29
-87,18
-29,8
-50,-107
-45,-124
10,-35
44,-39
7,-11
11,-25
27,14
35,95
41,203
47,117
7,17
2,59
47,-41
24,-164
41,-56
60,-86
24,-232
49,-180
37,-104
31,-91
-15,-195
40,-130
87,-134
32,-80
46,-129
17,-113
18,-202
-2,-47
-23,-151
-2,-160
8,-68
13,-97
-13,-100
-18,-167
-10,-178
17,-159
3,-105
-1,-44
5,-42
-31,132
-38,-64
-26,-108
-20,46
-2,-100
-15,-25
-15,19
-3,-26
-1,-39
-33,-21
-28,26
-19,46
-31,121
-48,169
-13,-62
28,208
-40,149
-38,163
-40,0
-5,37
-53,-27
-35,-65
-38,42
-8,-73
-1,-13
-33,15
-31,-56
-29,-39
-20,-138
-16,-81
-15,-86
-11,35
-16,-23
-72,-83
-18,-20
-22,-39
-2,60
-23,0
-32,2
-18,-18
-31,38
-49,40
-61,-14
-51,29
-46,23
-33,33
-46,25
-20,-51
-56,-99
-23,-30
-16,-103
1,18
-6,-56
-15,-102
18,-14
3,-81
-11,-45
-25,-128
-43,-61
-66,-42
-20,-102
-29,24
-12,-76
-2,8
4,56
-46,-32
-35,-8
-16,-92
-42,-143
-20,-57
-19,-52
-20,-108
-40,-124
-46,-41
-50,-188
-34,-105
-22,-100
-66,-123
2,-96
12,-173
-24,-74
-7,-148
9,-191
19,-164
71,-21
44,-14
-13,-170
25,-130
24,-171
17,-56
64,-34
-9,-140
51,-59
28,20
39,-140
86,-213
85,-4
88,-55
58,-112
27,-53
32,-153
33,-147
42,-132
-37,-183
-54,-19
23,-25
-20,-28
0,-113
-4,-68
23,-173
25,-74
-18,-7
9,-30
-26,2
-15,6
-13,-20
-7,197
15,100
-5,154
-54,1
-11,102
-26,-46
-1,-45
9,-96
17,-68
-15,-96
4,-62
2,10
16,37
-45,-28
-1,-17
-29,-78
-17,-107
-2,-96
4,-164
-41,-39
-34,-32
-44,-49
-33,-78
-18,-39
-19,-180
-50,-177
8,-206
-34,-314
-16,-226
-42,-184
-44,-129
-53,-169
-33,-171
-85,-190
-57,-19
-57,-81
-50,-26
-21,90
15,53
-9,64
-18,63
0,40
5,15
-23,-104
-78,9
-6,-45
-38,-25
-48,-84
-55,12
-16,37
-9,88
-46,41
-30,28
-40,186
-12,277
-22,28
-40,127
-50,67
-37,204
-10,8
-14,4
-8,-148
-31,0
-23,23
-15,14
-34,-60
-31,-67
-42,8
-16,35
-7,-27
-39,-107
-7,-15
-12,-20
-7,-40
-18,-122
15,-12
-40,5
-28,121
-6,25
-35,-57
-44,115
-13,-95
-49,22
-13,11
-43,-19
-33,-77
9,-100
10,-29
-20,15
-47,62
-2,24
-33,77
-17,197
-43,256
0,195
11,309
-21,149
-9,296
-32,261
-31,25
-36,129
8,145
-15,387
-39,276
2,132
-36,209
-11,214
-26,131
-45,299
-39,293
16,231
-14,47
-1,52
-39,116
-31,85
-40,70
-53,201
-33,167
-67,213
4,261
-23,209
-22,287
1,154
4,113
-33,301
-28,154
-59,175
-50,301
-8,232
11,124
-21,58
26,138
4,307
-8,231
-9,292
3,118
-30,248
-8,353
-39,327
-10,187
-62,382
5,284
-24,202
-9,177
19,250
-29,227
-31,157
-86,-7
3,115
30,140
20,185
14,304
21,261
12,83
-22,89
29,103
2,11
24,45
2,123
38,55
14,105
35,95
7,2
43,-3
-4,-19
42,119
28,118
39,-5
42,-31
39,4
29,53
79,60
80,-138
66,-56
53,91
67,112
106,24
93,86
138,-67
136,16
134,-53
81,4
70,24
98,56
73,-46
87,-92
68,-58
79,-126
50,-43
66,106
69,23
87,59
25,-11
70,-44
64,34
112,73
109,70
100,72
106,32
110,-38
108,179
95,76
137,105
91,291
89,82
102,-60
94,26
87,74
69,48
58,738
51,330
77,28
9,-11
70,148
37,88
65,112
69,106
123,81
76,-27
90,-62
86,158
41,54
70,131
45,116
26,99
69,-24
38,54
52,-34
30,-65
43,-9
63,5
-36,-19
1,10
8,-116
22,80
37,189
-2,174
7,80
-1,25
-17,69
1,67
10,-111
-27,-58
12,-13
-24,-29
-2,13
9,-151
-1,92
20,176
57,58
22,128
-1,88
26,112
-20,65
5,61
-42,-8
15,2
3,-26
-20,22
2,119
-2,-79
20,-113
13,92
9,24
7,-47
9,-127
-21,-157
-42,27
-2,22
-6,-64
-17,-103
-5,-69
-16,-89
-23,-103
-33,-63
-20,71
-37,-5
52,25
-8,-17
0,-3
-17,-123
-2,-74
33,-116
8,-1
15,-132
-36,66
4,-3
-35,-55
-29,-25
-25,21
-42,-134
-45,-156
-72,-74
-17,-171
-46,-154
-57,-132
-31,-82
-49,-79
-60,-136
6,-77
-38,-91
-31,-105
-37,-181
-45,-49
-59,8
-61,62
-51,24
-10,-40
3,163
-35,16
-29,-73
-16,-31
-38,-82
-37,2
-35,116
-52,10
-61,-45
-7,11
-34,-56
-39,-152
29,-63
-2,-127
-51,-117
-43,-34
-20,-131
-34,-236
-10,-154
-79,-67
-45,-79
-23,-114
-66,-171
-26,-148
-42,-97
-14,-124
-48,-78
-21,-76
-46,-96
-18,-71
-6,-33
-8,-32
-22,-21
13,-12
-15,-25
25,-168
-19,-101
-38,-170
-16,-230
20,-215
-61,-162
-55,-191
10,-135
-5,-162
13,-116
-39,17
-28,-32
8,-10
-19,-78
21,-64
19,-49
-46,-142
0,-24
48,53
15,-46
46,-65
5,-71
-42,-30
2,-93
-4,-57
-11,-13
-36,-2
-11,-197
-46,-84
-35,-115
2,-137
-8,-147
-32,-72
-24,53
-21,26
10,-147
-5,-204
-40,-172
-13,-159
-22,-180
-41,-166
-47,-142
-2,-138
0,-36
-12,74
-26,-124
-3,-198
-20,-189
-6,-236
5,-81
-38,-165
9,-238
-11,-169
-4,-174
-39,-168
-20,-224
-12,-146
-25,-255
-10,-122
-8,-88
-10,-188
18,-169
17,-143
-27,-167
-14,-190
1,-33
8,-52
-37,-31
2,-113
3,-122
-2,-67
0,-91
49,-68
23,-77
-14,47
-15,79
-14,-2
-45,-107
-16,-90
-47,-93
-13,-59
-17,-77
13,149
-60,116
-50,-99
13,-195
-26,-198
-14,-61
-26,-153
-30,-134
37,-166
-10,14
-26,-20
-5,-3
-16,-21
-16,-41
-12,-32
-7,14
-16,-121
-10,7
-5,148
10,-26
-66,-75
9,-127
15,-43
-14,-102
19,-197
-41,-106
-42,-23
-18,-134
-1,-220
12,-45
4,-221
-10,-202
-8,-127
-20,-142
-18,-62
-50,-152
-31,-32
-45,-130
-19,-204
-65,-128
5,-52
-6,-251
-15,-157
-20,-186
20,-81
-52,-145
-23,-159
-50,-184
-18,-124
-24,-86
-15,-131
-12,-222
-73,-11
-13,-116
-34,-160
-20,12
-34,-88
12,-262
2,-105
-13,-154
-54,-105
-19,-157
-9,-167
-7,-91
-21,-81
0,-166
-39,-78
10,34
-19,-80
-26,-79
-17,-122
13,-156
-8,-160
-15,-95
-15,-178
-31,-202
-27,-133
9,-155
16,-119
11,-57
25,-35
-10,-51
-24,-115
-30,-64
-29,-164
7,-97
48,-90
18,-43
18,-97
99,-26
12,-54
40,-71
41,-97
64,-97
81,-146
78,-151
112,-135
146,-102
80,59
141,-28
164,-43
181,48
209,-69
140,-101
136,-102
209,-195
244,15
229,-59
256,127
197,18
174,109
186,-39
189,-62
229,-49
226,32
226,-163
251,166
251,-9
244,7
243,-21
291,19
307,126
288,19
325,100
399,-31
342,-4
377,68
382,50
375,56
441,241
379,11
330,59
302,119
262,172
262,71
310,49
301,-46
377,75
334,100
363,126
367,66
393,96
426,148
449,110
493,46
541,139
568,-49
540,-52
549,1
509,1
423,81
449,190
494,136
415,65
380,169
416,158
370,96
369,41
373,102
447,190
383,79
424,38
428,92
466,28
454,-20
475,-1
435,17
456,-54
401,-57
423,-49
375,18
349,-93
334,-62
279,-16
271,-59
237,-167
266,-97
280,-115
322,-130
331,-226
307,-133
311,-85
295,-40
330,9
326,-49
356,14
318,108
310,125
289,80
210,96
227,-61
148,78
164,-7
113,-44
100,-32
99,-105
81,-158
112,-16
184,-147
102,-180
131,-161
190,91
143,116
135,129
99,165
90,85
107,286
125,175
80,169
39,180
49,-11
34,236
1,5
4,49
40,76
35,105
11,171
50,164
49,192
31,124
15,39
4,-118
30,-103
12,20
8,2
-3,-18
-19,-38
-24,87
-29,-90
16,0
-24,34
-17,92
-1,36
6,168
40,41
27,-36
2,-24
6,-32
-14,-53
39,-55
22,-78
-11,49
-25,242
-32,216
3,375
25,152
-57,-16
1,136
-15,179
11,296
51,99
22,116
-2,74
74,-48
16,-64
74,-13
60,-55
51,-61
46,8
8,-150
64,85
67,80
52,117
117,53
176,115
209,325
192,148
196,228
175,113
173,100
134,133
121,196
103,119
79,106
55,86
88,159
36,144
46,121
42,91
77,181
80,297
51,406
133,395
92,560
103,575
115,617
175,397
209,347
176,564
144,541
170,384
120,577
92,541
112,691
134,797
52,578
65,668
91,482
83,434
73,324
54,343
79,327
110,449
137,552
128,475
153,382
201,400
198,362
211,296
149,420
115,389
117,546
95,458
114,489
77,507
49,489
27,498
86,257
56,245
84,235
105,307
92,189
114,249
56,302
151,435
82,333
141,136
96,335
137,416
135,340
72,425
71,369
30,525
38,465
28,385
26,173
53,334
99,285
36,254
67,371
8,305
39,316
18,359
57,450
59,297
74,341
82,405
19,137
44,172
78,151
37,82
67,148
66,348
33,220
11,117
2,196
20,127
24,244
38,241
42,338
41,164
44,180
36,92
-23,240
-2,216
18,200
23,117
24,162
19,252
31,147
12,159
4,265
7,105
-24,168
4,106
-14,-2
-14,55
-76,35
-30,128
-34,181
-70,178
-32,209
-3,314
-48,321
-37,460
-24,331
-50,376
-50,590
-21,739
-1,917
-44,943
-27,1009
-43,673
-65,522
-29,1120
-50,1229
-36,1465
-29,1303
-74,1590
-56,1041
-63,846
-75,646
-40,799
-68,449
-56,46
-83,205
-34,119
-67,322
-83,410
-36,152
-50,217
-65,156
-57,111
-68,156
-33,591
-40,316
-24,773
-60,913
-56,414
-107,388
-78,634
-75,523
-55,225
-79,288
-76,360
-46,238
-29,252
-44,16
-43,265
-69,312
-29,106
-38,139
-40,32
-82,185
-77,112
-80,149
-80,-11
-76,44
-36,17
-58,31
-77,-29
-13,127
-28,167
-24,304
-24,180
-54,74
-32,171
-6,36
31,-68
-15,-121
31,-50
-19,-49
-5,-109
-41,-123
-18,-158
0,-176
15,-204
78,-237
150,-169
102,-214
97,-220
177,-152
513,-187
493,-132
446,-189
724,-48
811,-82
589,-81
496,-20
635,110
574,196
358,133
152,155
106,129
61,53
-2,15
-29,220
-42,300
-74,384
-60,336
-48,226
-49,293
-37,282
-28,126
-26,67
-46,224
-10,286
-16,315
-14,407
-60,394
-38,360
-43,227
-27,134
49,25
-19,-35
-51,237
-36,77
-8,295
-19,661
-8,666
-26,422
9,515
-61,226
-49,425
-40,464
-43,396
-28,388
-29,410
-54,586
-9,563
-75,90
-41,34
-48,9
-28,65
-67,-79
-43,-78
-36,39
-20,-69
-15,-3
60,130
86,9
33,73
-4,171
74,198
71,87
105,138
36,-13
31,-4
111,22
483,163
724,63
658,162
489,-74
533,32
890,-87
1016,-6
1023,-148
603,-41
584,-113
762,-133
892,-211
837,-142
816,-87
899,-83
1127,-70
1397,-155
1438,-211
1326,-173
1022,-129
1414,-53
1485,-143
1263,-121
1313,-100
1207,-12
1123,44
1074,-57
1013,50
932,-26
1125,-105
934,-123
802,-225
536,-33
510,-61
578,-5
497,-70
411,-124
181,-14
39,75
46,12
-6,-53
-34,-2
-25,46
-11,18
28,0
-9,-112
12,-212
-12,-103
-33,-168
-28,-242
6,-89
-10,-116
-10,-123
8,-168
-22,-211
-28,-205
-48,-79
-21,-79
-30,-58
-52,-18
-49,-124
-22,-101
-51,-37
-48,-172
-24,-195
-27,-190
-66,-272
-75,-287
-70,-302
-64,-311
-101,-69
-66,-226
-57,-189
-46,-269
-48,-208
-67,-204
-58,-155
-62,-142
-77,-165
-37,-115
-29,-163
-84,-217
-44,-162
-56,-245
-77,-179
-55,-142
-98,-188
-64,-295
-112,-182
-68,-232
-74,-240
-52,-317
-93,-225
-64,-241
-106,-115
-28,-57
-38,-134
-29,-167
-62,-175
-51,-252
-60,-49
-81,-141
-80,-194
-62,-177
-66,-45
-44,-138
-63,-64
-101,-15
-110,53
-67,-21
-85,15
-82,-75
-69,-21
-91,-123
-58,-151
-59,-161
-59,-151
-64,-63
-83,-202
-94,-101
-88,-35
-82,-29
-50,-82
-83,-142
-47,-152
-48,-53
-80,-139
-86,-98
-95,-81
-72,-7
-56,-110
-54,-143
-44,-158
-68,-5
-54,-70
-66,-135
-52,-97
-67,-58
-81,-37
-43,4
-21,27
-45,-213
-55,-125
-43,-43
-39,22
-13,-178
-50,-169
-18,-174
-15,-195
-5,-252
-40,-130
-48,-137
0,-199
-20,-169
-36,-135
9,-168
29,-100
55,-183
-45,-25
-15,-12
-22,8
-6,-116
-1,0
-39,110
-15,-85
32,-123
-14,-102
-35,-240
3,-247
-4,-200
-30,-70
-11,-223
-11,-123
0,-215
-60,-261
-32,-201
-23,-280
-9,-184
2,-243
-3,-176
-26,-137
-23,-145
-65,-102
-67,-206
-15,-96
-69,-80
-15,-161
-52,-171
-22,-229
-49,-202
-61,-253
-44,-298
-4,-167
-51,-199
-12,130
-23,606
-14,199
-36,43
12,12
48,192
13,616
-29,173
-19,741
-20,259
-7,302
-4,337
-36,26
-47,-84
-14,-217
-67,-246
-81,-241
-72,-120
-16,-118
-43,-235
-14,163
-35,458
10,388
-21,398
-37,128
-19,-27
-21,-112
-58,-75
-48,-116
-61,-217
-28,-177
-68,-136
-37,-177
-14,-203
-40,-102
12,72
-14,78
4,30
-72,53
-58,-144
-54,-216
-39,-77
-33,-146
-53,-230
-2,-287
-66,-238
-78,-317
-70,-253
-71,-232
-48,-261
-12,-303
-46,-173
-90,-165
-82,-203
-86,-148
-42,-167
-37,-132
-46,-103
-28,-102
-68,-100
-38,-185
-42,-246
-41,-333
-54,-199
-20,-169
-41,-251
-21,-224
-54,-185
-43,-191
-57,-192
-25,-132
-52,-212
-56,-62
-59,-35
-35,-101
-65,-140
-67,-112
-40,11
-37,-74
27,132
-5,65
-31,-67
-17,-120
-20,-82
-20,-42
-27,31
-23,104
-60,104
-34,49
-54,-168
-21,-284
-75,-157
-46,-269
25,-206
-37,-85
-20,-145
-17,-162
-42,26
-11,-22
-20,-71
6,-170
1,-44
6,-55
7,-121
-17,-107
33,-61
58,-82
15,-159
47,-54
9,-133
-4,-8
22,3
0,15
1,67
7,63
-10,-23
16,220
12,102
-31,-31
0,-56
10,-64
-7,-236
34,-229
-32,-243
38,-100
60,-205
44,-180
51,-140
64,-118
70,-72
47,-49
57,-23
53,-122
29,-76
24,53
55,-47
42,-87
1,-40
12,-92
39,-195
16,-113
18,-74
13,-14
1,18
42,-86
32,-84
89,-58
79,58
51,27
60,100
75,136
82,136
148,203
90,139
80,64
117,166
211,169
243,117
248,280
181,160
203,146
209,236
286,214
308,279
251,366
277,333
209,313
245,170
262,159
270,127
238,56
253,110
268,387
246,267
250,296
280,394
253,332
232,273
121,491
119,690
130,584
164,520
100,540
75,509
88,428
94,443
48,495
0,527
30,670
32,562
-27,679
23,791
5,736
13,471
-15,636
0,530
14,309
-17,237
-18,134
-23,276
-38,240
-25,313
-24,228
-27,412
-47,186
-57,160
-32,139
-37,224
-29,161
-19,175
-24,112
-48,230
-48,182
-41,178
-20,236
-45,179
-23,248
-23,235
-36,283
-3,182
-38,163
-30,177
-40,164
-28,114
-9,22
-14,122
-33,198
-51,49
-25,163
-14,56
1,118
-2,86
0,38
1,-16
-30,171
18,-62
7,-96
-2,-159
47,-193
32,-130
92,-119
18,-87
50,-23
10,115
12,142
1,153
15,163
19,121
42,57
28,109
27,71
14,-127
-6,-118
-1,26
64,-82
35,-86
72,-66
75,3
106,-55
127,65
130,106
64,48
99,83
138,244
101,156
132,191
120,55
113,219
51,128
56,137
129,26
141,-17
142,155
156,79
138,-48
163,59
256,43
276,156
335,622
350,246
574,280
1210,203
2072,281
2240,627
1948,1016
1638,1866
1696,1691
2045,2130
1842,3113
1460,2362
1552,1623
2102,1710
2834,4597
3049,6806
3315,9037
3408,7441
3327,7101
3030,3681
2181,1429
2031,1102
2222,910
2078,1007
1654,1427
1254,1819
949,1266
1327,1177
1636,1505
1415,1020
958,1507
631,1496
702,838
708,1023
583,822
476,432
330,1179
350,2126
386,2954
402,1546
375,1502
296,1327
330,1646
416,1606
358,1724
394,1104
358,1228
289,1535
282,1100
292,378
302,198
274,52
211,98
212,109
188,102
136,193
121,121
103,0
78,-23
127,72
97,841
70,494
100,781
55,66
96,171
72,159
78,263
118,549
74,497
81,251
110,460
68,878
31,715
28,417
34,627
54,670
-2,347
-13,156
-10,121
-20,209
-1,237
-17,51
-6,-44
15,-40
40,-162
-20,-156
-9,-35
-4,70
-34,-27
23,78
-37,191
32,168
-8,118
-6,116
-27,49
27,-25
26,81
24,45
-48,-52
-22,112
-8,263
-14,156
-34,53
-18,64
-40,131
-52,109
-18,41
-41,-25
-38,127
-65,242
-4,323
-33,441
-55,357
-69,208
-38,212
-35,378
-63,309
-71,582
-76,287
-18,79
-42,21
-89,78
-31,13
-45,46
-41,47
-29,100
-82,247
-33,-10
-40,-51
-36,-43
-30,3
-78,111
-55,212
-68,156
-46,-53
-21,-105
0,-21
-35,-82
-72,-10
-15,-20
-58,-51
-28,-59
-5,-63
-10,145
-35,131
20,47
7,64
22,27
-25,14
-8,-67
36,-152
25,-206
45,-68
20,-47
56,-126
50,-30
96,-124
144,-265
163,-313
158,-172
125,-221
146,-277
95,-227
91,-143
71,-217
89,-221
54,-220
37,-28
38,-244
84,-229
97,-122
63,-156
55,-195
23,-124
25,-91
33,-163
50,-225
51,-219
6,-118
66,-158
64,-276
73,-142
5,-174
6,-84
-35,-54
-31,-63
-31,-113
-75,-201
-54,-116
-18,-128
-51,-107
-42,-92
-67,-92
-38,-94
-58,-148
-50,-171
-59,-193
-51,-82
-83,-124
-39,-3
-49,56
-66,-81
-103,60
-64,-32
-52,-70
-24,-80
0,-210
-36,-182
6,-30
16,-50
12,-77
22,-58
0,39
34,158
-14,30
-31,-57
-48,-43
-28,47
-29,83
-13,222
-29,173
13,325
-70,220
-29,217
-57,260
1,421
-22,364
-33,306
-25,405
-11,362
-28,448
-43,490
3,78
-5,-58
-52,17
-3,177
-15,204
-45,379
4,521
-32,661
1,444
27,677
26,1009
-38,594
-20,432
4,438
-28,221
-51,215
6,101
-36,-86
5,-74
-3,166
-9,394
-10,167
-19,347
8,422
-23,271
39,418
1,428
27,622
33,697
-8,181
-26,-109
-24,3
-1,61
37,-18
58,27
48,137
48,70
61,170
63,228
44,855
52,1049
49,884
77,1066
60,619
42,67
34,23
-1,114
21,186
24,71
24,-25
38,47
20,-34
41,13
57,61
84,84
121,144
162,314
117,583
124,921
146,888
142,797
111,588
101,156
86,-12
84,-78
90,-182
74,-142
51,-190
79,-160
77,-238
81,-125
83,-61
106,-93
89,292
141,172
116,96
154,-51
162,-60
200,121
268,202
211,-149
139,-143
147,-140
105,-114
40,38
34,-148
100,-75
64,184
48,390
25,16
10,10
102,-86
70,-113
109,-18
128,119
135,27
146,-43
189,31
256,351
251,468
187,718
257,874
178,630
140,426
138,162
130,-12
81,-75
76,-57
61,-53
49,-167
104,-133
93,-39
77,192
94,644
106,894
121,347
149,136
150,82
197,-24
246,-104
187,68
326,27
290,-27
173,-95
304,-57
259,-147
193,-112
195,-129
116,-278
80,-97
133,-140
93,-65
76,-82
48,26
85,-46
91,13
97,-77
63,-170
146,-82
161,32
209,13
242,-151
242,-53
150,-80
147,-97
141,19
180,-24
111,-69
71,40
56,28
40,-26
57,-9
44,-49
22,-42
5,16
-36,-147
23,-83
38,92
24,30
13,139
33,39
1,47
-33,15
-12,-58
-2,-21
15,104
-13,20
-34,21
-27,52
-31,104
3,27
-28,-184
-22,-70
10,-99
-5,-94
28,-59
40,-134
62,-45
53,-71
14,28
-9,-74
-17,-17
-51,-49
-2,-104
-52,-21
-36,-66
-38,16
-84,-31
-55,4
-77,-78
-100,-106
-60,-58
-50,-81
-37,-44
-40,-166
-58,-111
-50,-74
-69,-95
-56,-130
-36,-6
-49,-19
-91,-99
-88,-139
-49,-222
-68,-106
-75,-134
-77,-143
-86,-146
-113,-98
-91,-59
-71,-168
-87,-117
-90,-171
-83,-35
-67,-189
-57,-183
38,-191
82,-205
19,-212
71,-262
115,-120
185,-190
225,-191
159,-120
114,-41
20,-48
84,-31
120,-11
68,-125
97,-50
99,-30
182,-60
201,-33
223,-121
120,-73
76,-54
58,-26
56,-84
-21,-43
-89,-1
-72,-33
-75,-48
-118,-163
-82,-247
-122,-141
-60,-160
-72,-54
-98,-30
-80,7
-68,-77
-98,-256
-109,-222
-87,-165
-84,-101
-52,-38
-66,-54
-65,-68
-75,7
-32,-16
-51,67
-40,-72
-77,-156
-68,-111
-67,-176
-50,-198
-70,-107
-72,-195
-30,-163
-63,-225
-74,-124
-87,-11
-66,-17
-63,128
-48,366
-60,253
-43,301
-82,358
-92,283
-83,-65
-92,-32
-106,-109
-93,-43
-40,-59
-87,-139
-107,-89
-75,-187
-111,-70
-89,-126
-46,77
-89,95
-57,121
-87,201
-85,340
-59,364
-106,404
-78,422
-110,588
-69,1100
-114,864
-79,777
-94,536
-66,585
-74,555
-50,382
-85,264
-69,218
-45,245
-89,265
-49,223
-56,354
-102,329
-93,489
-89,224
-79,147
-38,277
-67,391
-44,256
-77,718
-78,806
-76,559
-74,627
-50,896
-72,782
-51,559
-89,187
-40,189
-44,292
-52,555
-93,445
-74,620
-111,449
-72,543
-87,338
-75,404
-53,377
-70,397
-58,254
-64,297
-78,230
-50,382
-77,531
-68,465
-51,555
-58,484
-60,521
-72,512
-62,363
-69,573
-49,432
-15,356
-50,646
-31,495
-25,451
-40,380
-51,192
-41,305
-47,288
-75,227
-63,-42
-74,36
-91,151
-43,-26
-43,48
-39,-16
-62,-56
-29,-55
-39,-13
1,-61
-27,16
10,-113
33,-8
44,119
27,76
22,144
39,134
-3,325
6,112
72,-24
53,-93
37,72
19,-108
27,50
-9,28
-24,53
7,40
24,37
29,238
21,175
9,31
18,-36
-6,-123
-3,-73
21,-80
24,-37
42,-12
-9,-131
57,-47
37,-196
60,-188
30,-49
76,-194
46,-157
44,-278
56,-240
60,-215
110,-208
76,-150
67,-134
100,-235
87,-138
144,-121
78,-46
88,-65
94,-88
68,-53
136,-103
164,-85
138,-89
137,-127
102,-77
190,-82
197,-32
161,-128
178,-183
215,-92
169,-223
213,-71
211,-234
195,-186
156,-190
207,-103
145,-111
142,-94
136,-178
131,9
172,127
161,-42
160,52
205,8
194,-48
263,-80
223,-30
290,-90
325,-57
359,44
365,59
318,-76
298,96
337,121
305,115
281,117
302,132
225,-49
266,49
221,-47
179,-25
156,4
168,-84
211,19
175,-11
250,21
204,-42
232,-84
262,-95
309,-192
293,-194
350,-92
311,-131
261,-135
247,-54
231,88
230,66
184,15
203,-66
168,3
114,9
179,9
134,30
127,-36
127,-1
75,-29
148,27
139,-9
129,49
131,36
170,11
148,59
164,68
191,27
99,-87
111,5
110,133
84,-30
133,-156
88,-94
59,-83
68,72
75,41
46,-12
15,-35
60,-66
45,-83
66,28
69,-50
29,-76
76,-68
58,-110
51,-105
61,-67
11,-114
25,-98
9,105
3,112
11,24
-12,46
-10,-85
4,-104
14,-29
-4,-25
-13,-67
5,-3
-35,-224
-27,-145
2,-176
-10,-193
-24,-137
-35,-30
-26,-172
-25,-87
-4,-134
-22,-108
-11,-60
-38,-144
-43,-18
-69,-28
-40,-28
-45,-5
-53,-6
-32,-118
2,-68
-49,-25
-49,-50
-50,-192
-49,-128
-37,-87
-73,-61
-50,-78
-56,-73
-79,-62
-69,-87
-95,-113
-74,-120
-75,-115
-83,-84
-73,-143
-58,-124
-70,-26
-63,-47
-55,9
-49,-44
-51,-180
-76,-197
-59,-80
-28,39
-51,134
-45,-18
-38,-49
-32,-173
-50,-136
-77,-209
-58,-136
-51,-131
-65,-223
-70,-162
-22,-113
-19,-95
-49,-99
-72,-193
-81,-169
-31,-81
-53,-154
-93,-148
-40,-221
-45,-224
-21,-242
-16,-187
-56,-272
-38,-89
6,-177
-40,-140
-33,32
0,8
-6,39
-19,48
-38,-219
-34,-101
-50,-61
-8,-61
-1,-140
-6,-47
40,-79
-8,-49
15,-176
48,-62
57,-151
29,-174
26,-191
24,-183
102,-165
102,-122
154,-100
98,-167
111,-61
150,63
201,-80
258,-18
167,-4
236,-51
348,-100
587,-155
633,-128
569,-36
639,-143
865,-122
1276,10
1440,-64
1252,-13
1255,-90
1503,518
1798,800
2083,199
2030,11
1980,343
2516,1244
2880,594
3094,150
3122,-7
3365,182
3478,-98
4048,-60
4233,-28
4324,-109
4120,-152
4262,-147
4196,-151
4088,-65
3749,-106
3741,-98
3446,10
3056,25
3155,-144
3240,-99
3233,-204
3222,-154
3128,-225
2954,-181
2829,-106
3019,-132
3188,-174
3192,-131
2943,1
2473,-27
2264,-34
2171,-63
2175,-170
1773,-113
1357,-89
1142,85
985,289
942,146
676,76
505,96
494,88
591,206
531,64
397,140
298,180
255,171
234,173
285,513
282,160
118,836
79,1070
117,1373
145,2140
104,3375
55,2683
2,1603
-8,503
-14,1061
-23,770
-19,301
-42,410
-46,422
-36,224
-14,234
-16,105
23,221
-33,847
38,1246
111,1148
169,1310
294,1374
227,1408
155,1077
108,1137
74,1524
-41,1299
-55,1276
-37,908
-43,228
9,196
-19,334
-59,317
-90,176
-54,272
-70,654
-87,1079
-69,1242
-75,900
-63,311
-68,274
-40,207
-81,118
-62,24
-108,5
-62,-60
-68,38
-68,-23
-83,96
-65,92
-69,13
-57,69
-61,10
-53,66
-64,20
-72,-87
-77,-109
-63,-107
-84,-109
-66,-76
-79,-86
-68,-12
-63,-49
-92,-73
-95,-102
-54,-6
-101,-99
-84,-81
-79,-32
-48,-28
-62,6
-78,-6
-58,-31
-50,-43
-56,-18
-89,-42
-89,-14
-83,-56
-65,-101
-74,-78
-71,1
-75,-82
-53,-22
-100,-53
-103,-4
-76,-44
-25,27
-75,21
-58,110
-56,129
-102,-3
-105,128
-112,-27
-100,-96
-78,-147
-87,-216
-88,-192
-92,-105
-91,-174
-84,-156
-103,-71
-33,51
-76,46
-23,144
-67,122
-72,64
-76,104
-57,-6
-66,-114
-58,-124
-84,-28
-92,-52
-88,135
-85,182
-105,162
-82,105
-75,9
-101,51
-85,-68
-60,-26
-134,-5
-103,9
-79,-89
-95,-93
-98,-97
-118,87
-115,339
-108,171
-77,197
-98,-2
-110,259
-81,360
-66,403
-91,251
-78,359
-89,118
-97,126
-102,66
-100,83
-84,-21
-95,4
-77,68
-98,52
-87,131
-90,152
-124,109
-82,65
-100,156
-147,65
-107,84
-101,246
-80,179
-86,104
-48,21
-94,83
-87,219
-93,402
-89,244
-43,115
-80,181
-67,171
-67,248
-60,319
-82,317
-43,182
-45,115
-65,159
-53,282
-87,289
-82,404
-56,281
-102,307
-114,437
-53,310
-66,231
-84,163
-95,266
-72,247
-73,380
-80,526
-41,426
-97,761
-66,910
-82,1251
-56,1031
-55,827
-102,774
-84,931
-58,667
-34,347
-63,327
-66,212
-52,96
-46,303
-73,199
-32,337
-91,535
-30,583
-30,280
-56,309
-52,927
-65,1006
-92,1001
-86,1106
-53,1615
-42,2038
-75,1858
-63,746
-54,640
-20,344
-59,524
-46,533
-54,458
-47,494
-32,485
-49,451
-67,497
-70,272
-17,253
-43,27
-36,176
-11,68
-33,99
-86,127
-42,7
-52,-28
-65,-13
-34,17
-39,-13
-31,-35
-42,-53
10,-112
10,31
1,97
-42,-53
-4,21
-16,-126
33,24
21,37
-39,-41
26,-97
-18,-53
8,-116
-17,0
2,-40
-15,173
48,288
52,119
5,161
61,123
6,166
13,53
37,71
25,27
78,54
45,168
73,12
48,83
63,182
54,148
59,130
93,287
91,486
68,378
81,250
75,394
67,377
10,218
-12,214
37,375
40,436
12,466
21,413
29,392
-5,337
20,411
53,369
59,299
11,329
53,329
36,467
66,563
121,938
121,707
102,598
66,259
91,264
45,179
62,224
91,103
108,102
103,130
92,184
158,72
123,72
105,70
149,28
135,1
156,161
168,49
128,65
168,-21
162,19
157,-7
134,104
188,66
124,21
148,-88
118,64
188,54
142,-17
176,-66
195,23
193,-36
170,43
176,-7
117,-49
171,3
171,128
180,-19
129,-96
128,0
165,-126
72,80
100,-63
117,-83
141,-46
101,-48
150,-108
111,62
112,-29
153,-33
102,-60
112,15
153,58
158,-69
136,-130
90,-95
146,-61
126,-111
137,-99
172,-97
156,-154
151,-169
154,-198
202,-224
208,-193
222,-175
253,-89
226,-96
220,-27
323,-67
257,-64
218,10
238,-1
219,-10
198,15
189,-9
156,-96
197,-116
200,-96
253,-137
230,-165
204,1
278,-65
212,-98
237,-126
226,-137
251,-245
245,-176
286,-183
248,-132
214,-141
210,-135
153,-160
134,-81
135,-156
116,-189
157,-150
157,-130
142,-130
123,-103
110,-102
96,-141
137,-141
123,-138
105,-107
24,-87
34,-168
35,-5
19,-87
43,-106
44,-123
15,-139
31,-73
3,-147
17,-206
32,-192
13,-178
5,-157
20,-142
1,-16
-2,-88
17,-139
-10,-246
-10,-167
44,-158
1,-141
13,-125
-17,-154
0,-162
-21,-132
-25,-173
0,-177
-11,-206
-48,-214
11,-209
-42,-146
-59,-212
-57,-206
-25,-153
-34,-56
-8,-139
-18,-148
-53,-209
-29,-128
-32,-117
-25,-102
0,-93
-34,-42
-42,0
-34,50
-10,12
-55,-78
-49,-37
-24,-69
-26,-42
-25,49
-3,-47
-56,-91
-23,21
-46,41
-11,50
-2,-53
-3,-143
-25,-94
-15,-57
-1,-41
17,-42
34,-139
34,-204
33,-217
36,-91
24,-24
64,79
146,21
107,4
75,6
118,-86
125,19
163,3
199,-11
202,-108
211,-70
170,0
238,245
179,138
205,-44
169,-72
176,74
201,-14
246,-72
223,30
280,-94
271,-153
303,-147
362,106
217,157
185,112
223,60
210,-1
209,-90
270,-128
276,-143
283,-143
303,-135
410,-84
535,-167
575,-136
670,-69
724,-66
712,-47
826,-109
727,-79
626,-91
614,2
526,109
552,52
480,54
481,94
404,147
440,219
433,313
549,52
544,-144
618,1
657,-23
702,148
829,225
809,190
873,271
846,122
830,44
786,136
762,96
728,312
702,342
684,191
741,199
890,323
875,388
937,401
1031,185
1158,283
1141,316
1166,382
1221,373
1215,298
1251,291
1014,275
972,530
958,169
890,182
847,202
653,228
571,217
544,181
607,436
498,460
390,616
323,534
387,640
398,593
355,356
302,249
244,355
294,381
285,150
210,124
216,55
182,165
135,275
156,207
179,95
137,399
152,565
226,741
188,459
273,227
226,247
208,245
232,380
229,363
210,181
204,182
135,215
97,234
93,313
95,166
48,69
39,63
59,133
28,359
44,447
51,681
27,341
72,986
15,1049
-21,1678
7,3480
17,5501
-26,7911
-35,5846
5,4757
-27,3951
-24,3080
-40,591
-39,249
-26,715
-23,1075
-12,2635
-25,788
-35,202
-32,232
-41,195
-52,109
-36,22
-61,-17
-58,21
-31,-68
-50,-161
-51,-96
-74,-175
-53,-143
-32,-102
-52,-211
-57,-165
-68,-102
-56,-103
-88,-87
-77,-158
-64,-116
-80,-134
-72,-168
-32,-122
-54,-83
-38,38
-35,77
-59,-34
-39,-19
-52,-108
-46,-25
-34,59
-61,-82
-31,-131
-69,-111
-30,-47
-47,-36
-32,-47
-15,-72
-30,-60
-33,-29
-18,45
85,64
75,63
69,-4
146,83
102,62
30,114
12,86
12,107
193,104
61,-5
85,109
119,198
-36,163
-39,66
-19,-33
-51,-46
-35,-30
-61,-65
-45,64
-59,67
-41,89
-63,121
-63,22
-79,132
-52,42
-75,24
-56,124
-70,100
-74,66
-83,52
-88,12
-93,-12
-92,-52
-80,9
-76,112
-81,-3
-67,-82
-61,-39
-56,-42
-44,9
-31,51
-53,-52
-47,-195
-80,-206
-80,-82
-55,-77
-86,35
-78,17
-71,31
-40,-36
-84,-62
-65,-62
-99,-53
-50,-71
-40,-134
-70,-136
-33,-134
-48,-76
-55,-112
-33,-192
-50,-165
-50,-54
-43,-49
-16,2
-48,-106
-55,-204
-37,-149
-31,-124
-53,-207
-53,-78
-49,-116
-60,-111
-52,-98
-36,-114
-6,-184
-41,-225
-65,-243
-37,-117
-58,-145
-74,-57
-31,-119
-49,-71
-58,-52
-69,-10
-73,-102
-39,-96
-33,-67
-38,-17
-39,-90
-39,-198
-50,-92
-18,-117
-53,-37
43,19
-62,-30
-13,-91
-8,-95
-57,-116
-41,-70
-56,38
-29,-128
-35,-89
-44,-38
-29,-18
-18,-126
41,-177
38,-127
-64,-41
-29,-111
12,-118
32,-66
30,-114
-23,-61
18,-70
87,-127
100,-98
53,114
110,-64
22,-68
160,-99
154,-76
188,-67
169,-78
162,-28
174,-80
134,-16
91,-74
84,-131
88,-41
48,-67
-7,-33
18,90
25,141
14,89
7,39
-12,124
-38,86
38,238
-32,138
21,-101
6,-1
-17,33
-14,-6
-15,83
-8,77
-17,135
-7,148
-13,192
17,134
9,65
-3,57
10,-73
9,-21
-10,20
29,27
17,58
48,-20
37,0
15,1
38,-18
6,-124
12,-116
17,-90
15,-77
28,-85
30,-8
55,-36
43,80
43,11
11,-5
47,38
42,90
43,103
44,183
20,99
48,53
46,-10
38,177
4,186
3,67
61,31
12,-10
27,-94
13,6
8,33
8,-50
35,-29
-14,-95
33,-164
22,31
42,-40
10,-61
68,-139
49,8
54,-82
9,-75
49,-81
53,-123
44,-79
60,-102
28,-149
49,-119
59,-107
51,-138
36,-22
36,-16
67,82
57,487
42,860
44,1184
71,1279
38,1086
40,673
59,690
58,350
49,305
80,540
57,614
66,620
53,773
53,1075
40,883
40,891
11,1097
38,1078
48,815
24,290
-2,554
24,945
21,1069
-24,918
-11,798
19,724
-1,236
-10,119
-20,10
-27,26
-14,-14
-14,-60
18,-83
45,-12
26,-34
28,1
18,-77
-6,-73
21,-127
-3,-82
-4,1
28,34
26,-91
2,-22
-10,0
9,-6
-18,18
-10,28
-20,30
-30,34
-2,139
3,-7
19,-29
15,-40
2,5
-34,73
-10,9
-14,30
-34,-7
-11,65
8,2
25,100
9,9
9,-79
13,-109
-2,-38
-18,-66
16,-121
7,-156
4,-61
23,-167
24,-100
23,-55
43,-96
2,-60
-13,14
-16,-24
-27,-34
-1,18
-17,-25
-15,-140
-22,-123
-14,-144
-10,-167
12,-149
-10,-176
7,-209
22,-179
10,-78
-5,-76
-33,-37
6,-179
-8,-91
-57,-58
-43,-128
-4,-165
-29,-68
-8,-104
-23,-105
-7,-72
-14,-75
-35,-72
-23,-109
-1,-64
3,-105
-50,-86
9,-129
9,-72
-37,-90
-33,-141
-53,-75
-45,-131
-34,-82
-47,-96
-52,-29
-8,-35
-42,-68
-37,-63
-23,-64
-37,-14
-26,-47
-36,-105
-33,-148
-46,-127
-14,-65
-26,-24
-53,-106
-36,-106
-45,-85
-5,-77
-66,-144
-61,1
-43,-48
-33,-80
-33,-75
-49,-58
-34,9
-13,3
-23,-1
-43,-21
-58,-21
-22,21
-34,106
-39,146
-43,118
-41,66
-62,5
-42,-8
-37,140
-76,350
-35,243
-15,313
-39,210
-25,190
-32,7
-49,174
-57,212
-10,62
-57,50
-17,-105
-12,-150
-38,-70
-14,-102
-38,88
-43,42
-49,24
-45,-31
-40,-45
-69,31
-54,0
-41,-73
-41,-107
-63,-51
-18,-25
-30,-31
-47,-5
-41,51
-26,14
-43,-144
-28,-30
-14,75
-30,578
-33,557
-32,-38
-50,41
5,10
-4,-6
-23,-48
-14,5
-33,34
15,12
13,-78
25,-46
-21,-68
-3,-45
25,114
30,81
40,276
-5,210
-6,157
16,213
-13,145
-19,122
-1,280
20,206
-21,202
-13,3
-35,14
-21,4
0,2
16,8
25,71
-10,-54
15,3
-19,50
-11,-30
7,37
-19,71
1,-3
-34,-13
2,53
-11,-10
-47,-40
-41,-128
-55,-138
-29,-54
-32,-57
-56,-70
-28,-122
-2,-101
-25,-68
6,-23
-11,35
-6,72
-31,17
11,71
12,-7
-8,103
-15,-70
-31,-160
-7,-66
-22,-149
-21,-13
-40,-4
-7,4
-18,34
-24,-43
-41,-74
-47,-108
-20,-144
-36,-91
-22,-82
-16,20
-43,-34
-24,-58
-11,-63
-33,-2
-31,17
-17,-11
-30,-62
-29,-83
-30,-86
-57,-50
-27,-47
-10,81
-54,4
-25,-59
-22,93
-45,47
-41,16
-31,-61
-51,58
-35,49
-15,-17
-48,-110
-52,-9
-52,-45
-43,51
-42,-70
-39,-93
-51,32
-67,8
-59,-38
-31,-26
-53,-94
-55,-58
-58,23
-38,59
-68,-59
-12,-71
-30,-138
-62,-49
-36,-78
-52,-89
-57,-140
-50,-117
-49,-128
-61,-117
-45,-152
-37,-137
-60,-129
-17,-94
-29,-148
-7,-146
15,-107
-3,-76
18,-111
23,-144
1,-167
-10,-189
47,-161
22,-159
21,-95
13,-50
14,-80
-16,7
-36,-22
-40,-51
-12,-70
-27,101
-13,-44
-9,202
7,74
21,-30
12,34
9,128
-6,155
-10,116
-29,187
-24,260
-24,52
8,165
-69,242
-43,314
-53,227
-62,391
-35,498
-63,1088
-33,810
-31,909
-27,613
-52,383
-1,688
-47,121
-21,744
-57,2189
-26,2698
-7,1836
-11,1555
-31,1458
-19,1068
-28,788
-32,1676
-22,6506
-34,7199
-36,5880
-32,8676
-21,5586
-26,3825
-53,5695
-27,9219
-30,7536
-30,7731
-16,7428
1,3518
-16,2280
-17,524
-24,190
-11,-49
-34,-83
-11,-166
-10,-137
-39,-104
-35,-52
-37,-114
-15,-136
-32,-115
-49,-89
-16,-108
-60,-131
-31,-141
-49,-190
-17,-152
-7,-186
31,-201
-13,-160
-13,-167
-20,-53
-25,-52
-35,-19
5,-156
-56,-93
29,364
-33,144
-47,60
3,140
-33,413
-25,430
-48,231
-16,122
-41,224
-66,149
-38,56
-40,67
-32,-50
-28,-86
-16,-173
-15,-198
-55,-77
-33,-201
-54,-196
-18,-106
-43,-91
-42,-191
15,-118
-29,-156
-55,-131
-24,-85
-45,-74
-29,48
-55,48
-42,63
-65,69
-13,25
-27,56
-60,161
-53,108
-37,97
-18,72
-56,151
-44,149
-47,272
-48,245
18,208
-63,225
-27,333
-24,430
-35,383
-38,369
-72,273
-43,452
-20,355
-62,505
16,336
-64,347
-59,396
-47,551
-61,482
-37,432
-37,245
-36,283
-52,447
-64,379
-42,402
-16,334
-45,265
-36,526
-17,3246
-32,1479
-31,215
-11,347
-48,1948
-44,2876
-36,2941
-48,607
-42,1762
-38,4375
-15,5804
3,4197
-23,4375
7,3305
0,6893
11,7201
25,6821
46,6373
63,6842
102,6587
89,5423
156,3127
172,3195
163,3439
149,3542
136,2157
119,2236
92,2438
65,2076
-11,1819
-6,1761
6,1671
-20,1810
3,1735
15,1681
44,1471
27,1196
43,1027
112,1103
53,894
86,1069
68,856
88,809
80,863
51,877
24,952
64,1004
32,987
65,1068
78,1042
97,1465
83,1385
26,865
28,883
37,1061
60,1044
67,581
69,248
65,254
93,238
95,327
129,381
134,379
154,547
104,637
80,768
107,792
88,746
52,777
60,610
69,694
64,651
58,515
67,304
88,352
103,272
62,225
85,141
70,48
24,-41
104,13
39,61
57,-55
31,-66
33,10
69,18
48,-9
42,-48
49,-142
43,0
49,-41
69,-58
64,-48
47,-60
58,-1
9,-11
15,0
18,-27
34,-52
57,-132
60,-152
41,-155
43,-175
65,-110
74,-96
48,-85
85,-146
50,-149
109,-175
88,-165
149,-97
115,-149
193,-54
124,-46
171,-120
130,-2
163,-109
130,-36
148,-87
116,-136
148,-47
152,-34
168,-73
147,-42
113,-100
159,-58
149,-7
138,43
124,30
132,11
88,-60
122,-89
140,20
150,115
105,156
193,283
187,300
244,335
271,138
179,179
168,161
190,124
201,90
216,183
226,423
206,308
183,421
204,291
189,107
223,43
169,242
205,389
236,221
264,458
223,610
203,505
256,461
282,418
283,386
310,461
353,445
261,207
238,458
263,467
271,477
205,395
179,523
116,425
105,491
51,666
56,728
85,961
75,1172
25,886
45,917
76,1208
58,633
100,608
87,447
140,264
92,277
110,225
66,259
92,484
66,410
108,416
60,437
31,488
29,560
32,314
22,394
25,278
52,232
48,365
28,242
19,85
23,172
6,273
41,642
7,586
45,571
58,458
45,142
80,80
102,-11
59,57
105,394
124,329
92,423
109,656
79,654
107,587
73,342
116,-13
106,-18
115,-37
157,-24
151,-80
152,-28
141,-47
162,98
109,29
144,97
113,177
133,129
129,102
134,225
152,278
111,108
99,11
95,-86
145,-38
168,-3
144,19
117,-98
130,-94
117,-170
141,-105
102,-19
125,-104
166,-94
141,-75
108,-65
147,-65
320,-100
148,-91
107,-165
124,-135
63,-101
75,-104
132,-123
81,-124
97,-45
97,-104
111,-51
81,-82
88,-111
66,-122
92,-94
59,-27
122,-151
139,-63
116,-93
89,-104
115,-108
155,-104
180,-48
127,10
94,-96
119,16
148,-134
189,-164
175,-172
150,-60
135,-145
159,-91
129,-109
132,-97
146,-123
141,-121
171,-20
187,-97
196,-97
144,-135
173,-109
248,-55
275,-74
271,-150
281,-169
272,-158
344,-76
375,-150
452,-151
456,-148
446,-97
470,-62
536,-147
534,-103
654,-56
645,-25
601,-73
665,-79
669,-133
644,-129
610,-182
587,-102
418,-133
377,-82
341,-71
334,-3
327,-80
345,2
416,-50
369,-52
423,-97
486,-17
544,-81
500,-75
553,-122
542,-141
523,-145
477,-176
417,-153
380,-156
321,-134
290,-153
274,-157
219,-136
210,-128
150,-159
183,-95
192,-128
154,-94
184,-72
155,-94
172,-100
185,-98
117,-156
120,-119
156,-115
167,-95
146,-77
100,-11
103,-118
74,-76
59,-134
81,-106
74,-153
41,-143
66,-176
56,-174
55,-45
85,-82
32,-110
36,66
36,176
86,-50
53,-9
56,-8
64,-51
48,-80
65,-124
73,-31
36,-151
25,-47
63,-63
67,-155
51,-116
100,-117
63,-85
126,-130
104,-153
98,-157
109,-170
77,-96
56,-106
43,-77
13,-137
23,-34
28,24
52,-20
31,94
8,36
10,-57
-5,-18
-2,-38
-6,-55
28,-25
5,-104
39,-12
77,-111
52,-86
7,-56
29,-154
-20,-65
50,-69
-19,-128
45,-99
-9,-46
18,-80
30,-17
-7,14
-5,132
-31,479
-33,273
-24,377
4,1029
-17,1207
-5,1433
2,1084
-29,727
-14,642
-59,993
-11,1120
-50,1070
-25,718
-3,269
-13,131
-5,172
6,197
-16,190
12,288
-36,378
-16,544
-11,720
-21,1248
-32,974
-9,345
-21,-14
-25,7
-7,-25
-2,52
32,198
-8,302
9,176
-3,289
-7,114
15,182
-5,44
-6,160
-4,113
4,126
-4,272
-20,346
-8,334
-6,431
-7,181
-34,75
13,28
37,21
9,7
16,-2
-6,14
32,-1
1,12
-13,57
-11,-12
-48,-6
-38,28
-8,74
-76,100
-38,196
-49,231
-50,153
-50,133
-43,145
-62,163
-66,290
-42,231
-51,119
-34,216
-21,157
-37,228
-38,217
-56,266
-40,179
-34,93
-5,-82
-59,12
-67,12
-53,41
-57,-8
-74,38
-36,49
-62,22
-78,-13
-52,85
-103,112
-101,22
-80,112
-98,145
-64,342
-77,224
-87,301
-67,208
-53,-10
-99,23
-101,53
-89,4
-74,18
-79,22
-94,-7
-81,-42
-82,-72
-105,-59
-92,-28
-98,-73
-91,-65
-79,-5
-91,99
-116,145
-97,149
-80,111
-96,57
-60,49
-80,77
-114,138
-86,54
-95,134
-64,77
-91,102
-106,16
-88,151
-94,97
-107,97
-71,38
-94,26
-92,37
-115,25
-104,9
-66,11
-89,57
-95,57
-93,46
-93,28
-81,27
-85,8
-111,121
-86,95
-105,-48
-88,4
-66,-1
-70,49
-83,-55
-78,-22
-72,-52
-110,-2
-88,0
-113,-84
-87,-28
-81,-25
-121,-5
-96,-51
-84,-42
-106,-68
-95,-44
-79,-61
-68,-29
-55,-67
-76,-46
-123,-55
-84,-50
-111,-17
-72,-60
-76,-25
-98,-16
-119,-18
-110,-10
-71,-8
-71,62
-69,-5
-107,-30
-97,-63
-98,3
-77,-4
-95,-45
-123,-88
-71,-101
-87,-124
-105,-104
-115,-126
-83,-129
-100,-90
-102,-97
-98,-123
-95,-82
-84,-56
-100,-67
-107,-59
-76,-16
-79,-8
-68,-82
-103,-104
-125,-90
-113,-114
-107,-124
-94,-81
-95,-15
-87,-74
-111,-122
-96,-44
-110,-73
-108,-51
-96,-145
-66,-2
-99,-20
-107,-149
-97,-83
-128,-102
-101,-46
-101,-94
-79,-82
-85,-82
-68,-82
-65,-87
-95,-197
-86,-131
-71,-56
-82,-87
-97,-106
-75,-113
-73,-156
-73,-114
-100,-125
-87,-17
-93,-90
-98,-113
-92,-140
-70,-131
-88,-107
-74,-150
-44,-114
-83,-97
-81,-64
-72,-60
-86,-153
-95,-81
-45,-62
-85,-107
-57,-82
-85,-116
-65,-131
-80,-156
-61,-65
-88,-95
-83,-147
-100,-69
-80,-104
-79,-26
-81,-32
-72,27
-58,530
-63,243
-85,25
-90,-4
-114,-147
-63,-149
-87,-92
-64,-172
-90,-145
-100,-106
-100,-74
-76,-37
-80,-102
-54,-69
-71,-80
-76,-28
-83,-11
-83,-12
-87,94
-99,533
-92,621
-75,591
-82,236
-73,258
-67,722
-81,970
-66,1295
-81,1150
-59,954
-85,656
-70,866
-73,917
-70,700
-64,624
-71,906
-75,926
-61,923
-61,865
-58,142
-50,-84
-73,111
-42,151
-60,89
-62,-17
-48,13
-71,-70
-48,-98
-33,-87
-48,-3
-46,-78
-50,-102
-48,-99
-51,-101
-33,-86
-56,-116
-37,-105
-44,-60
-35,-55
-21,-22
-1,-105
-48,-143
-33,-66
-23,-96
-37,-127
-44,-23
-16,-71
-33,0
27,-14
-32,-21
-18,-31
-42,-72
-15,-61
-36,-93
-40,-90
-25,-108
-4,-127
-21,-141
-12,-29
-15,-96
-14,-89
0,-121
-3,-76
0,-104
-12,-59
-34,-124
10,-153
-7,-47
2,-62
-5,-53
-34,-11
-45,-15
-2,-7
-50,-38
3,-72
-13,-98
-31,-44
-38,-75
-32,35
-6,-26
-48,-22
-7,33
-46,148
-37,206
-19,223
-34,121
-47,173
-29,37
-36,35
-42,23
-44,0
-19,121
-16,58
-20,162
-46,-15
-56,35
-48,-120
-13,-76
-37,-120
-25,-101
-34,-87
-20,-114
-23,-51
8,-40
-21,-87
-9,-57
3,-85
46,-114
6,-87
16,-37
-10,-44
1,-83
-1,-54
4,-118
-17,-111
12,-147
13,-45
33,-135
68,-97
79,-101
83,-91
75,-55
102,-10
144,11
204,0
144,5
132,30
141,20
232,159
268,62
248,1413
247,1123
243,826
354,2270
457,5561
473,946
362,79
402,115
473,211
568,69
572,65
579,285
633,140
786,118
916,288
947,115
996,14
960,12
1144,-116
1254,50
1310,195
1285,305
1174,223
1246,88
1232,269
1210,575
1186,863
1078,617
1031,59
1036,-11
1060,235
1098,383
1011,101
1116,-30
996,-34
1134,-128
1099,-90
1166,-38
1019,-61
950,-87
1014,-68
893,-43
926,4
881,51
771,76
742,725
716,963
706,1042
671,1262
665,1527
666,1691
628,2346
613,2889
712,2420
742,1761
699,1462
732,2675
742,2752
779,3943
772,3392
783,3038
834,3669
774,4399
791,4804
712,2959
734,2114
613,445
513,128
576,95
610,136
547,99
554,177
492,253
567,656
587,587
639,845
695,375
610,771
740,1088
769,1055
805,832
748,630
739,301
743,-30
658,-6
620,-12
508,-11
393,-41
322,-26
294,-35
275,-24
218,-58
233,-10
209,-16
231,-6
242,20
243,-45
272,-81
245,37
317,0
378,32
356,-3
339,-31
322,-86
282,-41
348,-26
334,-18
237,-22
200,-20
172,3
195,-86
154,-11
160,18
112,26
78,-70
82,1
86,172
137,95
81,262
95,377
68,607
56,108
75,49
45,70
21,241
37,426
64,770
12,258
43,761
-2,339
26,859
51,200
26,221
4,30
12,-38
38,-28
4,-68
-18,-56
-56,-4
-12,-13
-32,-41
-19,-23
-33,-91
-39,19
-60,-39
-43,-34
-17,-13
-38,-31
-19,0
-51,-6
-39,1
6,-61
-23,28
-11,-17
-37,25
-30,21
-21,-27
-20,-25
-27,3
-37,8
-9,-31
-22,-50
-15,-2
-36,-14
-30,-28
-31,0
-22,-9
2,-32
-25,0
19,-50
26,-47
55,-38
11,-77
4,-103
31,-72
-2,7
43,-87
44,-102
45,-28
9,-20
25,-89
47,-93
16,-89
30,62
49,-38
46,-6
51,-32
71,-45
40,-49
39,-50
36,-79
24,-96
34,-94
42,-63
48,-22
63,-53
38,-21
68,-77
38,-61
42,-85
68,-13
7,0
-24,-39
0,-34
-18,4
21,-55
-7,-103
-13,-37
33,-24
4,-136
-9,-106
11,-104
37,-34
17,-49
26,-6
11,-102
24,-1
37,-59
19,-50
42,-85
69,-54
59,-12
18,-26
2,-10
10,6
35,-33
-9,-11
27,24
1,2
21,-25
-2,-76
-24,-82
27,-36
18,-6
12,-33
47,-5
44,-59
39,37
65,52
-1,52
65,10
13,-5
14,-35
5,69
-12,28
-32,87
-19,-19
-33,27
-21,62
-58,68
-3,40
-32,92
-35,160
-15,245
-34,307
-17,327
-34,263
-2,270
-47,208
-43,130
-37,82
-40,218
-45,39
-29,145
-44,103
-60,116
-79,8
-48,49
-43,118
-51,49
-44,125
-41,95
-66,46
-59,101
-57,60
-66,66
-48,184
-56,68
-48,202
-59,284
-70,136
-82,53
-56,13
-61,13
-44,33
-63,-12
-57,-27
-65,-72
-76,-19
-73,-11
-60,-36
-77,-4
-68,-56
-91,-53
-58,84
-60,31
-71,-25
-75,-16
-61,79
-79,75
-69,33
-77,-29
-93,-15
-90,-62
-105,-27
-81,-66
-81,-11
-80,7
-76,10
-99,-2
-62,61
-98,172
-73,163
-83,115
-94,195
-67,100
-56,67
-78,233
-81,212
-82,267
-87,297
-98,156
-72,229
-56,228
-78,121
-82,235
-65,96
-67,59
-50,96
-54,47
-74,90
-72,162
-72,277
-62,163
-34,217
-71,196
-58,88
-66,149
-52,129
-45,83
-12,166
-32,107
-41,94
9,102
4,168
35,246
33,257
29,312
55,336
81,279
96,333
69,242
87,275
98,218
92,116
101,32
106,60
149,19
189,9
227,22
186,11
153,6
208,159
229,314
183,182
143,130
174,-44
136,-13
148,-44
103,-20
79,16
128,19
82,31
66,106
52,144
57,151
106,134
107,135
63,137
14,161
-14,73
-6,-3
-8,-63
-18,-68
-15,-51
-41,-20
-45,-42
-29,-64
-58,-71
-52,-96
-52,-38
-64,-47
-62,-82
-61,-38
-58,-23
-62,-62
-45,5
-30,-45
-66,-3
-44,-56
-51,-40
0,-43
-40,40
-51,11
-57,-51
-63,-103
-19,18
-22,-63
-40,-28
-36,-67
-40,-46
-23,-124
-9,-53
-33,-80
-8,-127
-11,-92
-7,-68
16,-66
10,-2
53,-39
38,-14
4,-61
27,-38
17,17
21,-50
25,-100
13,-99
38,-135
48,-64
34,-13
62,-51
42,-61
67,-61
67,-64
95,-105
121,-75
37,-93
44,-46
65,-34
62,87
25,-23
61,96
43,63
66,133
80,108
55,38
88,18
72,20
90,-92
89,-72
97,97
81,33
93,63
115,-25
75,-13
81,15
80,-30
115,33
89,-4
64,-80
50,-104
33,-59
86,-91
61,-39
33,-25
12,-69
25,-128
18,-60
9,-52
45,-84
56,17
41,-74
41,-88
58,-12
7,3
31,-46
28,-38
8,-53
60,-8
-5,-14
-40,-54
14,-22
-26,-18
-25,-22
-18,-1
-43,-88
-32,-56
-14,-65
-53,-59
-46,41
-55,-6
-56,35
-29,-17
-23,-6
-67,-81
-95,-18
-90,13
-43,7
-73,7
-70,8
-46,-45
-45,-13
-44,-42
-58,-58
-55,-76
-25,-3
-72,-70
-85,-36
-55,-48
-45,-32
-65,-93
-51,-93
-58,-54
-69,-69
-78,-17
-69,-23
-73,46
-55,9
-75,-11
-71,-3
-54,13
-46,-15
-52,11
-63,-100
-28,-76
-28,-124
-22,-101
-43,-8
-25,-53
-34,73
7,-3
-15,-39
-16,-14
12,-51
-22,-80
-6,-78
-2,-108
4,-51
27,-43
-53,-51
-21,-61
20,-72
25,-54
45,-39
19,3
21,-21
39,-2
27,6
56,-51
43,12
66,-104
39,-116
17,-20
73,18
61,-16
50,-13
53,-29
109,-61
65,-132
89,-74
96,-73
93,-102
87,-102
109,0
49,-106
84,10
98,-19
98,-64
95,-110
98,-83
98,-73
108,-77
56,-68
119,-30
114,-11
84,-87
113,-18
133,-63
107,-13
88,25
104,9
129,24
127,-54
108,7
115,-100
117,-67
117,-94
151,39
112,18
122,16
112,-18
118,-44
97,-47
124,-13
133,25
117,42
113,44
132,56
103,77
106,153
145,142
83,149
87,124
108,190
68,130
101,132
101,55
109,112
89,17
96,197
144,116
149,35
142,50
143,40
141,97
83,42
139,74
113,94
110,-10
79,68
95,67
113,33
84,51
54,99
50,73
41,79
34,79
12,-5
21,41
87,-12
39,-50
43,29
40,40
67,60
28,113
32,67
44,1
25,33
50,87
22,-21
13,-15
4,-2
-12,90
-10,54
15,38
-9,17
-26,-15
-35,14
1,52
14,-5
-44,-8
-48,-17
-55,-74
-31,-25
-30,-46
-15,-19
-32,5
-29,-63
-39,-49
-69,57
-41,21
-32,81
-27,85
-10,40
-45,81
-73,62
-48,72
-57,81
-51,71
-60,50
-73,37
-35,9
-45,44
-68,23
-47,44
-42,21
-49,51
-60,111
-65,14
-78,-10
-31,28
-38,13
-61,104
-74,7
-60,20
-79,-34
-78,2
-37,-19
-59,12
-59,-10
-53,56
-64,-49
-37,3
-35,-9
-71,-15
-48,25
-51,14
-79,-21
-56,41
-55,19
-52,40
-70,3
-59,20
-33,51
-45,31
-42,94
-56,1
-50,1
-60,-46
-54,26
-58,-25
-54,-52
-63,-13
-62,-24
-46,-43
-66,-27
-39,-60
-41,-12
-52,-42
-65,-56
-31,-70
-77,-21
-60,-3
-23,-5
-44,-80
-46,-58
-33,-133
-3,-21
-23,-46
-45,8
-36,-11
-14,-43
-18,-53
-13,11
-16,-74
-41,-54
-35,-38
-47,-2
-25,7
0,32
-17,29
-36,-23
-4,4
11,-36
-8,14
7,42
-27,49
-5,-37
-41,-34
-31,-2
-64,-42
-22,-58
1,11
-52,44
-9,-40
-13,11
-15,50
-33,170
-20,77
-18,100
1,26
-2,78
7,104
-14,46
-13,-5
-27,10
-28,20
-43,66
-31,-16
-28,-17
-21,0
-37,6
-32,-46
10,-6
-21,-31
-20,22
41,51
28,53
-16,54
-8,-11
-21,65
-14,194
-34,209
-10,300
-38,140
-37,69
-44,93
-25,58
-43,41
-28,9
-18,2
-8,4
-18,108
-37,331
-22,263
-53,427
-20,652
-30,772
-35,697
-9,526
-61,588
-48,734
-56,573
-19,512
-46,367
-70,299
-48,283
-52,302
-34,295
-47,153
-58,188
-43,310
-30,195
-52,70
-38,57
-37,100
-46,77
-32,-25
-34,69
-26,14
-25,44
-24,85
-27,55
-26,71
5,139
-41,80
-37,109
-80,110
-17,106
-51,-12
-23,121
-66,77
-39,72
-51,96
-21,71
-41,-55
-43,-5
-55,-8
11,57
-12,67
12,-25
-22,-28
-38,-3
-39,48
-23,21
-41,73
-69,117
-50,80
-35,127
-44,168
-53,32
-48,193
-16,104
-40,1
-57,34
-41,20
-33,38
-48,54
-33,118
4,184
-6,71
-44,1
-62,33
-18,-8
-12,67
-30,84
-51,-25
-23,23
-52,17
-32,25
-40,-62
-31,87
-35,74
-60,24
-6,123
-48,121
-47,133
-31,92
-26,120
-17,283
-30,148
-59,144
-43,49
-64,20
-31,-18
-53,-36
-55,-45
-44,-110
-59,-58
-65,-40
-36,-25
-42,-10
-23,13
-5,23
-34,-21
-68,11
-12,-23
-36,53
-26,-56
-11,-47
-36,-17
-38,-31
-9,-35
15,-13
-20,-19
-20,-56
13,35
86,-56
130,-6
156,-18
78,-32
61,-55
144,-18
146,54
65,-76
31,-25
54,-37
63,-43
142,-57
145,69
142,-44
89,-1
151,-4
186,-48
290,39
324,-15
286,4
343,-13
579,2
659,3
714,-4
691,-43
662,-81
604,-78
418,-39
352,-127
334,-61
242,-8
200,-59
277,-106
299,-32
301,-120
370,-110
511,-75
642,-94
735,-133
894,-71
1113,-61
1332,-139
1386,-67
1470,-56
1375,-93
1110,-39
961,-43
811,14
578,-1
470,-20
431,-69
398,-41
452,0
335,-8
415,-27
428,-48
465,-4
581,27
882,-47
1088,-61
1368,-34
1518,-54
1486,-69
1361,-11
1168,-48
1056,-32
982,-50
672,-79
453,-33
320,-42
282,71
200,228
125,323
138,251
115,215
113,443
95,283
149,168
172,25
145,31
105,218
133,119
203,163
155,318
108,195
77,275
83,659
64,719
45,788
39,867
-4,998
8,882
25,813
0,744
0,683
1,641
12,667
-49,646
-51,560
-46,751
-68,853
-43,1321
-66,1513
-80,623
-73,648
-46,565
-107,708
-85,274
-53,908
-51,860
-104,335
-61,-1
-59,57
-64,-2
-59,-105
-30,-3
-96,-38
-80,-107
-71,-34
-50,-83
-76,-77
-80,-35
-92,-2
-99,-39
-105,-50
-84,-33
-96,-4
-95,5
-93,-31
-116,-12
-64,-19
-73,21
-120,4
-79,-1
-89,-24
-71,-86
-83,-103
-72,-19
-96,-49
-84,-19
-75,-53
-75,-16
-93,99
-68,98
-69,77
-82,105
-90,64
-97,25
-92,15
-82,-20
-65,-14
-82,15
-83,-44
-87,-70
-88,-47
-103,-58
-87,0
-112,-40
-62,14
-87,179
-100,186
-99,17
-73,131
-82,201
-40,-29
-39,-123
-68,-101
-78,-89
-52,-156
-89,-128
-85,-123
-82,-127
-59,-40
-66,-92
-83,-101
-65,-55
-74,0
-90,-85
-54,-19
-72,-86
-80,-83
-91,-52
-105,-71
-55,-79
-89,-53
-66,-62
-68,-76
-33,-126
-53,-139
-62,-127
-60,-150
-63,-126
-84,-128
-39,-146
-30,-126
-17,-121
-55,-109
-58,-113
-85,-88
-16,-106
-53,-135
-19,-159
-6,-160
-41,-97
3,-33
-6,-73
-4,-158
-16,-125
24,-105
53,-113
62,-173
80,-97
77,-37
70,-66
143,-42
200,9
142,-107
129,-113
146,-147
248,-90
303,-123
475,-73
416,-152
478,-180
611,-76
787,-85
855,-96
775,-56
792,-79
830,-85
917,-87
974,-53
1000,-149
970,-117
926,-87
836,-163
819,-104
804,-146
748,-108
793,-75
871,-80
957,-67
1027,-108
1060,-104
1014,-66
1042,-167
1119,-89
1194,-145
1171,-117
1197,-116
1226,-102
1240,-143
1128,-88
986,-101
983,-99
972,-86
928,-153
880,-90
885,-157
934,-101
944,-61
971,-115
912,-77
961,-114
1104,-65
1120,-50
1100,-34
892,-52
871,17
955,81
921,118
893,-20
738,79
722,1
707,-81
509,-86
431,-80
208,-128
222,-73
249,-122
238,-102
186,-121
111,-72
67,-83
84,-35
73,-44
74,-43
90,-33
37,-25
35,-48
28,-29
5,-55
-5,-31
-18,-105
65,-132
36,-132
-17,-132
-25,-142
-5,-28
-23,-143
-13,-115
-39,-163
-29,-113
-62,-140
-7,-91
-31,-144
-5,-94
-25,-89
-44,-165
-21,-31
-45,-44
-44,-85
-57,-96
-44,-3
-1,-14
-7,-56
-7,-135
-22,-102
-24,-119
-27,-174
-14,-87
-31,-108
-52,-123
-23,-99
9,-113
-7,-106
0,-115
-13,-84
21,-100
-22,-131
-34,-86
-47,-48
-21,-112
20,-88
-35,-66
-23,-192
-42,-139
13,-154
-2,-133
-36,-161
-41,-205
-28,-166
-55,-162
-14,-166
-47,-156
-60,-157
-23,-116
-17,-136
-26,-185
-25,-155
11,-151
-24,-161
-39,-163
13,-136
3,-135
-46,-131
-10,-119
-45,-97
-8,-66
-36,-102
-38,-113
-7,-146
-3,-105
-14,-104
5,-179
-13,-198
-17,-145
3,-176
-52,-120
-31,-119
-36,-55
-31,-64
-8,-73
8,-123
-27,-17
-5,-103
-26,-96
-18,-20
54,-160
9,-36
10,-150
-51,-184
-16,-167
-1,-140
-1,-143
-2,-116
-5,-178
-4,-114
-16,-164
-78,-72
-58,-86
-9,-79
-40,-82
-17,-115
-38,-84
-44,-128
-36,-157
-25,-128
-76,-131
-33,75
-30,96
-6,16
-22,60
-18,-70
-7,117
4,0
-23,-52
-70,-32
-52,-60
-33,11
-77,99
-14,118
-48,98
-51,228
-55,-2
-58,8
-85,72
-75,321
-62,47
-75,-112
-50,-147
-45,-176
-14,-143
-52,-87
-53,-13
-23,48
-92,285
-91,347
-70,321
-80,501
-41,398
-89,145
-67,44
-80,93
-48,158
-78,179
-71,138
-70,95
-68,94
-89,38
-60,-29
-78,-13
-37,-35
-78,29
-51,-29
-83,-117
-89,-47
-77,-36
-37,-27
-66,-110
-77,-67
-77,-19
-74,-113
-80,-101
-83,-7
-102,-58
-91,41
-65,-30
-56,22
-87,64
-95,-30
-107,-22
-91,-88
-54,28
-102,48
-61,21
-96,66
-67,44
-114,-76
-90,-125
-75,-76
-77,-52
-48,-95
-61,-31
-105,23
-47,8
-34,16
-32,76
-69,62
-40,-5
1,75
-34,-98
-30,-4
-57,-47
-80,13
-13,-38
-41,68
-68,47
-42,74
-25,26
-44,73
-58,7
-63,2
-40,-6
-35,44
5,22
-5,7
-111,28
-88,73
-113,79
-97,53
-119,16
-68,32
-116,66
-71,59
-95,21
-121,-27
-130,-62
-127,65
-115,25
-144,33
-113,20
-169,2
-154,-4
-165,-67
-172,-16
-169,-15
-124,-14
-160,49
-141,69
-146,22
-199,74
-167,170
-156,55
-144,-18
-136,-6
-126,15
-134,30
-130,3
-86,-74
-124,-37
-149,-81
-155,17
-120,82
-180,50
-158,-9
-141,-83
-137,-41
-141,-3
-147,-6
-174,26
-128,-27
-152,-71
-118,-44
-109,-48
-145,32
-100,-7
-129,-3
-135,-67
-108,55
-118,108
-157,27
-184,54
-146,23
-168,19
-132,-73
-155,5
-137,-18
-122,-119
-123,22
-138,42
-116,2
-98,-56
-127,20
-58,-12
-76,41
-95,38
-75,93
-101,52
-127,-29
-93,84
-107,71
-97,11
-94,57
-138,100
-141,86
-115,110
-100,58
-56,-25
-93,26
-87,-72
-72,6
-85,41
-62,-37
-50,13
-74,-52
-37,29
-96,-78
-61,22
-45,52
-29,37
-16,48
-62,-16
-43,-14
-32,0
-50,50
-22,5
-25,32
-24,-41
18,-21
-7,46
21,-33
28,-27
10,-23
-25,-85
-15,-70
-15,37
29,-17
14,-42
25,113
51,154
17,261
-42,250
-19,212
-98,42
-127,138
-93,85
-86,-64
-89,-42
-28,43
-23,30
-14,-25
25,-47
90,-96
121,-91
-1,11
54,-21
-13,-49
29,36
61,140
34,222
56,333
133,220
119,193
65,275
57,428
38,440
56,239
73,201
111,81
142,106
206,51
208,29
227,-78
242,75
253,15
170,-22
155,56
282,66
246,316
322,494
272,383
300,57
302,82
328,44
275,-25
292,47
299,30
322,31
365,62
345,108
387,92
439,70
337,78
301,64
248,39
238,62
183,52
251,-11
265,-33
248,68
347,-8
350,-79
394,-95
469,4
356,-56
283,0
309,-5
334,-94
314,-97
357,-34
333,-72
463,-103
299,-107
247,-71
221,-106
156,-97
185,-88
157,-77
155,-53
257,-178
297,-136
367,-90
322,-45
323,-152
472,-112
425,-39
401,-64
406,-119
378,-120
489,-70
477,-56
403,-42
436,-67
319,-110
333,-107
264,-178
275,-24
272,-38
228,-152
300,-148
285,-92
258,-128
356,-75
399,-156
328,-92
357,-89
344,-34
287,-152
265,-101
265,-61
214,-198
175,-92
165,-90
185,-42
196,-182
126,-134
114,4
82,-103
173,-85
119,-68
50,-99
27,-42
56,-64
14,-54
39,-36
7,-63
-37,-39
1,-20
-28,-15
-48,-69
-42,-104
-22,-97
20,-73
-20,18
-32,-77
-28,-36
15,-95
3,-110
-19,-134
12,-173
20,-69
-2,-97
-23,-128
0,-15
3,-105
-6,-14
-33,-89
18,41
-35,-178
13,-99
45,-96
-46,-54
2,-66
15,-15
25,-94
18,-114
-36,-100
-32,-64
-27,-51
-30,-56
-10,-101
-8,-162
-10,-107
8,-95
30,-105
27,-25
43,-84
15,-51
43,-65
47,-12
66,-35
83,45
98,-31
42,-13
10,-59
1,5
1,31
39,3
24,-50
29,-61
41,-31
0,-112
37,-8
66,67
53,29
39,-37
46,19
67,-56
96,-33
36,0
52,-18
67,3
52,2
49,81
63,1
115,-30
124,31
123,-53
70,-43
30,40
46,15
103,71
55,63
110,71
84,66
75,109
90,-73
73,35
89,138
144,54
97,16
126,-1
127,5
112,1
95,32
49,-65
53,-47
46,-12
43,8
110,69
84,37
77,26
97,-9
84,71
104,23
150,26
186,41
243,0
218,17
215,42
221,0
231,23
179,119
164,3
152,-12
213,9
185,11
251,5
181,7
193,-52
269,-71
375,57
452,76
434,22
408,47
482,22
611,139
733,36
652,55
720,-34
868,131
1088,73
1191,99
1170,29
1151,-15
1138,-16
1308,58
1183,99
1024,89
931,141
917,33
1061,69
1326,41
1562,13
1800,-55
1924,47
2346,25
2367,116
2738,-31
2757,7
2768,0
2761,-36
2661,-1
2604,49
2416,-19
2271,74
2106,41
2169,-18
2084,-57
2169,24
2042,-32
2023,-17
2207,43
2211,-29
2271,29
2111,-50
2150,-43
2281,-10
2247,-86
2349,-21
2274,-6
2325,-8
2495,53
2510,-87
2534,9
2500,19
2426,-81
2334,76
2149,-26
2076,-46
2244,68
2328,17
2324,22
2163,55
1905,9
2023,63
1910,52
1897,-4
1695,-17
1574,110
1631,19
1510,92
1686,5
1837,-29
2030,-9
2044,32
2110,-11
2034,-93
2092,2
2141,36
2228,-72
2120,-78
2062,-39
2017,-22
1667,-79
1409,-103
1297,-47
1268,16
1059,-44
887,-80
543,-88
537,-37
666,-76
856,-53
748,-80
675,-72
690,-91
724,-62
792,-80
767,-31
465,-47
304,-90
268,-86
376,-157
275,-24
84,-34
3,-140
6,-89
16,-70
-34,-59
-26,-4
-51,0
-38,8
-33,-57
9,4
17,-68
2,15
45,70
10,-29
25,-39
41,-7
18,45
50,-34
76,23
17,-98
68,-11
5,-99
80,-70
62,30
39,-43
28,15
40,48
56,75
83,43
89,4
60,-57
53,-24
80,25
101,43
59,106
101,3
107,17
154,17
83,28
69,43
92,-21
121,51
87,-19
150,37
153,50
146,106
136,51
162,189
186,142
220,198
175,273
260,129
243,116
202,53
238,101
283,60
300,-18
249,46
316,119
302,145
269,51
319,55
280,104
355,118
401,143
275,155
239,75
337,31
382,49
422,72
456,161
410,111
408,53
320,14
481,68
429,77
420,98
398,12
415,20
462,-18
407,198
411,331
392,266
429,124
465,97
492,431
422,480
463,298
485,301
505,363
555,271
619,317
454,283
599,161
602,139
534,41
576,-74
550,22
521,-61
627,-110
687,-31
746,-100
653,-144
746,-36
739,-38
736,-169
789,-90
848,-37
752,-105
849,-23
827,-68
933,-65
780,-113
843,-110
847,-86
843,-186
820,-126
792,-119
752,-169
869,-140
696,-143
629,-82
602,-84
729,-132
700,-58
630,-84
548,-32
438,-94
489,-110
435,-46
340,-100
340,-9
293,-25
395,-92
380,-90
458,-87
353,-10
333,-140
334,-118
358,-42
314,-107
305,-169
272,-122
270,-74
265,-93
230,50
128,-68
123,-126
111,-1
81,-50
42,-80
71,-16
73,-100
85,-38
148,-179
152,-59
116,-27
121,-57
149,-8
130,-82
106,-119
128,-44
52,-54
82,133
76,-14
55,54
12,38
18,42
-11,-41
-14,-28
24,-22
-14,-49
-4,-9
-25,48
13,-4
1,-40
10,25
-2,-64
-20,58
-19,-55
13,24
2,-21
-6,-60
10,-98
-35,-45
-13,-36
-32,-96
-12,-73
-52,-31
10,-106
-58,-98
-52,-138
2,-98
-26,-100
-30,-27
33,-84
22,-149
26,-5
52,-94
10,-67
28,-50
-18,-9
16,-95
1,-20
0,-98
-40,-45
-21,-140
-18,-122
-38,-92
-11,-130
-37,-95
-7,-55
-20,4
13,-78
49,-6
4,-58
44,-40
106,-104
64,-76
5,-80
4,-113
-2,-154
-7,-175
0,-133
-23,-81
-7,-113
-3,-95
-8,-85
-9,6
-36,66
-30,157
-35,292
3,247
-17,315
33,138
15,-17
20,9
25,-67
39,-131
9,-175
61,-161
31,-151
-3,-52
-3,-213
5,-118
-45,-130
-2,121
-46,197
-29,188
-39,-9
-18,81
-46,20
-9,-20
-3,-70
-18,-132
12,-130
4,-81
-9,102
8,-26
34,44
6,-19
18,-47
22,1
-32,-8
-23,64
-19,70
-31,75
-30,52
-8,8
-24,-46
-38,21
-18,126
-21,79
0,108
-15,36
-33,-25
-31,-59
-1,66
26,113
-3,-94
-7,6
-4,-32
-16,-19
2,-7
5,7
-6,-22
0,132
-11,-4
-35,135
-5,24
-22,98
-44,97
-27,56
-7,63
3,59
3,106
-18,-42
-33,5
10,-40
-7,-55
18,85
2,-18
-5,5
-5,-68
-7,17
-4,0
12,99
0,85
2,65
-11,24
-14,128
-17,93
-17,121
-5,90
4,72
-1,134
-5,83
-12,42
31,62
-7,191
21,59
-3,208
13,5
11,137
20,131
36,35
11,67
22,138
11,150
10,49
23,0
16,45
11,90
3,113
26,99
62,44
-2,140
30,145
-1,95
18,88
23,76
2,78
6,-61
32,107
28,80
4,39
8,198
24,54
-15,47
21,89
-18,24
25,46
1,50
10,49
-5,137
3,180
24,108
24,130
35,-31
27,43
-5,92
-10,181
9,48
24,69
38,82
-19,63
19,63
0,117
-11,122
-20,75
-3,54
-19,188
-6,36
6,300
10,264
-24,215
-1,262
-7,172
27,203
11,76
14,100
16,216
3,334
32,219
7,235
-13,231
18,188
-21,94
-13,179
-24,204
3,84
-14,134
-6,76
-4,111
5,97
5,145
-8,111
15,299
28,363
5,481
13,294
34,278
-5,164
-1,188
15,209
1,109
31,211
-9,202
7,115
6,158
-21,83
-5,75
0,108
-21,161
-18,263
-4,248
5,235
-13,154
5,181
-4,157
0,118
-11,194
-12,190
16,136
14,112
-11,124
-22,165
-9,151
-6,259
-25,224
-10,239
-11,118
14,121
15,203
-7,192
-4,169
9,107
13,96
10,88
9,249
15,211
11,185
10,158
-6,101
-12,151
-2,141
18,202
-26,189
-7,140
-1,130
-10,147
3,145
-5,147
7,167
-24,289
-6,210
11,223
0,175
1,106
3,180
4,107
-12,178
8,242
0,227
12,235
-2,138
-8,90
-2,62
-12,131
7,123
-9,190
-7,204
-18,161
-18,234
0,198
7,278
-18,135
3,160
-8,115
-11,113
25,171
13,286
-4,176
15,148
-13,147
7,72
3,148
5,213
-7,88
7,163
-23,165
19,162
-2,184
7,215
-12,129
-3,205
0,194
15,226
15,98
8,245
-14,57
0,103
-8,24
-2,73
-13,27
-9,95
-14,64
0,89
-31,58
1,157
-5,101
-4,214
1,179
-7,212
-7,132
14,160
8,330
22,138
1,170
-1,146
8,157
-1,54
-10,27
-5,24
1,21
13,1
12,23
-18,18
-16,131
-12,103
-11,195
-1,213
2,61
-7,107
9,107
13,133
12,212
-2,101
3,49
-8,54
-2,85
-5,35
-7,154
4,40
15,48
-2,52
-10,144
-18,141
6,205
-17,199
-11,209
-9,154
-6,165
-5,283
-7,351
5,335
-7,395
10,372
-5,324
0,381
-9,366
-7,280
-4,308
-10,271
-3,245
-14,139
1,211
-8,226
-17,175
-8,250
-5,413
-8,422
0,657
3,700
-2,738
-11,739
20,912
-6,991
-8,931
-7,831
-2,817
1,937
-9,964
-4,840
-12,804
14,821
-7,790
4,964
-1,1033
-17,1116
-18,1052
8,1113
-11,1066
-5,1190
-6,1178
-8,1057
-9,1108
17,1187
8,1243
2,1135
9,1137
-2,1176
-10,1276
11,1308
-13,1260
-8,1222
8,1280
13,1430
4,1558
-13,1673
-14,1784
-1,1751
4,1954
-5,2128
-11,2284
-12,2278
5,2102
-4,2256
-5,2231
1,2555
5,2577
-4,2250
-1,2251
4,2220
-8,2293
-5,2225
5,2003
5,2122
-26,2122
4,2325
2,2383
-8,2284
-12,2480
2,2312
-10,2042
-10,2072
-18,1971
-12,1961
-3,1973
-6,1932
2,1992
-9,1924
-10,1980
-12,2056
0,2449
-8,2513
-4,2643
10,2614
5,2579
1,2623
-4,2939
-4,2878
-13,2726
-13,2922
-14,2810
-8,2940
0,2936
-10,2757
-1,2837
-14,2804
-9,2997
-21,3236
-6,3247
-7,3082
-17,2970
-9,2968
-8,3023
7,2760
-8,2768
-4,2849
-5,2754
-12,2824
1,2842
-16,3115
-16,2987
-12,2848
6,2662
-18,2758
-23,2981
-3,2859
-3,2546
-17,2307
-10,2137
0,1926
-16,2009
-14,1978
-4,1593
2,1536
-10,1520
-17,1465
3,1295
0,1333
-8,1175
-6,1417
-9,1287
-10,1386
8,1392
-3,1355
-3,1150
-10,1295
6,1389
-5,1133
2,1065
-7,1029
-1,1000
-5,897
-4,852
-10,434
-14,391
5,407
-6,526
-15,351
-10,419
-5,389
3,394
3,580
-11,558
-8,502
10,663
-15,517
4,611
-22,646
-5,543
-6,438
-8,428
-14,382
8,231
5,256
-5,160
0,141
18,147
-5,318
7,252
-10,240
-11,174
-16,225
-13,248
24,292
-10,210
-4,210
-11,153
2,268
-9,177
-7,113
-6,132
-14,152
-1,142
-9,71
2,45
7,61
-3,-27
14,-66
1,138
-3,38
-13,90
1,181
-5,217
1,137
4,131
-1,63
7,-78
-5,152
13,-78
-9,29
-9,-39
-5,-138
-2,-151
4,-91
-15,-153
-9,-62
-5,-32
-9,14
-15,21
24,34
-5,69
6,99
0,50
-8,107
-11,6
-11,78
-7,120
4,59
9,-8
9,17
5,105
5,-35
9,-61
-10,-56
-12,-126
13,-105
6,-87
-7,-69
10,0
-7,0
4,50
0,32
-20,0
-2,121
6,122
2,158
-1,15
-6,120
3,11
10,-60
-9,-54
9,-81
-1,0
-8,-49
18,-1
5,-80
-4,-109
16,-57
-9,-11
1,43
1,0
4,49
-14,65
4,81
2,54
5,114
0,14
7,-10
7,-12
-1,40
-1,-58
8,-76
-6,-43
-6,-1
6,-129
10,-129
-3,-79
3,-23
-6,-54
-1,-52
13,1
-11,-9
7,76
-1,83
3,50
-11,103
-19,20
-3,15
-12,-1
-6,47
0,67
-3,-25
1,48
-6,-22
-4,-44
-2,-14
-9,-53
-4,-45
8,-71
4,46
-6,-58
-30,28
11,36
7,0
13,27
1,106
-13,32
-1,39
1,64
-1,-6
0,83
7,42
-6,-24
4,24
11,-38
-7,7
1,-46
-2,-2
-7,-39
3,-28
-7,-31
-1,-2
-2,24
4,-34
-5,18
1,33
-1,-10
-9,25
0,-20
-5,-9
4,-22
11,-22
0,-51
7,31
-13,8
-2,-32
18,-14
15,-41
15,12
10,5
9,8
-4,-29
20,-12
10,-6
-3,16
2,56
-2,28
-9,-4
-2,-18
-2,3
10,-48
-6,-42
4,-22
12,-65
1,-40
12,-23
14,-21
-7,-100
-6,1
-5,-43
1,13
-3,56
15,-6
2,-11
12,35
-10,29
13,31
5,-4
1,6
5,21
-2,-5
8,4
-5,-11
6,4
-4,-32
-5,-28
5,-36
-5,-51
1,-36
0,-50
18,-33
-1,21
-7,19
8,55
6,52
-11,60
9,47
8,49
-7,-12
11,47
-1,70
4,46
3,-16
-6,-6
3,-26
0,-32
11,26
4,12
3,10
7,-28
-10,-33
8,1
2,-45
5,-20
-11,12
-6,8
23,13
2,41
10,32
-6,-17
2,47
-5,-3
5,-6
1,26
5,-24
1,-36
0,-6
-9,-53
4,43
-9,6
-9,-3
5,-30
-3,56
7,-25
-3,45
10,5
2,-21
-1,73
-12,37
-19,-13
16,88
4,-33
4,7
9,-24
14,-31
4,-9
9,-50
6,-3
12,-16
3,17
-6,3
-6,17
6,39
4,5
-9,11
5,30
-13,37
-11,-2
-2,-43
-6,-3
2,-13
1,-32
-5,-19
-6,1
-7,-21
-1,-20
-14,25
-8,13
-7,17
-10,-40
9,11
5,-17
-5,12
-13,-18
8,27
7,-22
11,23
10,36
1,5
6,7
-10,-7
11,-43
-12,0
-2,-36
11,-62
12,19
-8,-5
1,-13
17,2
31,42
-1,-5
-3,-14
15,13
-1,-19
10,-37
2,-38
-4,-24
-6,-3
1,55
15,33
1,-24
4,-1
5,8
9,-20
-5,4
-7,-38
-2,-17
1,-22
3,10
-6,-24
4,24
8,-8
-2,2
2,0
9,17
16,25
-5,47
10,11
8,19
11,20
4,40
1,-26
16,-1
13,-41
0,-27
24,-12
3,-20
0,-25
11,0
-7,-10
-13,0
-2,-5
16,-34
-8,50
-1,-1
0,-4
-2,31
-15,18
0,2
-1,-2
3,11
-7,-12
2,-36
-5,-35
12,16
-20,-3
-5,-8
-1,-1
3,-25
-5,-31
-5,-21
4,18
-10,-24
-15,20
-4,56
-11,25
9,26
-10,5
5,-20
-2,37
5,42
2,-3
3,6
3,-16
-2,10
-7,-48
-4,-9
22,-4
6,1
1,-11
4,-22
-14,9
2,19
-8,-2
20,13
9,40
1,1
8,-3
-1,0
15,-22
2,-34
10,-36
-1,4
-7,0
18,-25
-5,-4
-3,54
-10,-3
-3,-44
-10,6
15,9
-1,-9
-14,-37
0,-40
-10,-3
-6,-15
-1,-34
-2,-18
-14,9
-6,15
-3,8
2,-28
-14,34
-5,-29
0,-29
-14,-18
0,-46
-3,-50
8,-19
-5,-21
0,-5
0,-6
4,9
-8,12
-15,21
-9,4
5,-37
-9,28
-8,-17
-11,-6
6,-41
-12,-19
2,2
-3,-19
-1,-22
2,-45
-4,-4
12,27
5,0
15,-29
-1,-22
-3,-32
18,-9
24,-29
0,-14
3,-14
-13,-4
-1,-36
7,-19
29,-38
3,-6
-19,-9
-6,-27
11,-35
11,-6
-8,-29
4,-47
11,-7
-5,-40
2,-48
-4,-11
1,-23
2,-11
7,-52
13,-38
6,-2
-7,-3
-1,-33
-4,-11
17,-14
8,-51
-2,-77
2,-47
3,-28
-10,-36
3,5
11,-37
1,9
3,-45
22,-27
10,-74
6,-64
-3,-32
7,-38
6,-6
7,-14
-6,-1
4,-24
17,-21
-17,-10
-9,-40
3,-38
3,7
-5,3
5,-44
-8,-28
-1,-39
-4,-41
10,-36
8,-35.5
-9,-32
4,-34
-1,-4
1,-7
4,-37
-2,-31
3,-32
-1,-8.5
4,-25
5,-9
15,-44
3,-12
1,-22
15,-35
-4,-13
-1,-26.5
-12,-38
-4,-47
-1,-27
-13,-48
3,14
-2,-25
-11,-29
3,-12
0,-15
-1,-43
-7,-48
14,-5
2,-19
1,-22.5
-1,-25
3,-29
3,-20
-16,-13
-7,-13
-8,-12
-3,-39
0,-26
-7,-1
4,-7
-14,-20
3,-10
-1,-43
-6,-26
-7,-21
6,10
0,-44
-13,-18
-9,-43
1,-17.5
-10,25
-10.5,29
0,-23
1,-8
-7,20
-4,-18
1,17
-6,-48
0,-20
9,29
-8,0
1,-23
3,14
-1,-13.5
-1,22
21,27
-7,-3
1,-2
0,-25
3,-11
3,22
2,-26
10,-9
-11,-14
9,15
11,-16
10,-40
13,0
-14,21
-12,3.5
8,-5
-4,8
-6,0
-3,-27
-11,48
1,-12
-4,-29
-11,-27
6,-33
11,-27
13,-23
-7,-9
-11,-24
7,-2
-15,16
-11,0
-7,-18
-5,-38
-5,-45
-2,-18
-2,-58
6,-2
0,-28
-5,-14.5
-9,-12
-6,2
-4,43
-4,10
-17,7
1,26
2,-7
12,12
7,-21
-6,-11
4,5
-9,-13
-9,-16
-17,-11
-9,14
-4,-42.5
-20,10
-2,5
7,-19
-4,25
9,-37
9,-6
-13,34
-1,-1
-1,-9
-5,-1
-4,19
-6,-9
-12,-4
-8,9.5
2,28
-5.5,-45
10,-25
-11,0
-1,-2
1,-27
3,-15
-14,26
4,-46
-2,-29
-4,-22
2,17
-1,37
4,-20
0,-18
-5,15
-8,8
-4,-39.5
-9,43
4,12
-1,8
-14,-21
-9,-10
-2,5
-15,3
-4,-34
2,31
5,4.5
-14,-2
-4,-18
-3,4
2,-8
-8,-17
-14,-31
-7,-10
4,-6
-7,-30
1,1
14,-2
-7,-53
5,5
-17,25
-17,25
-10,-17.5
5,-26
-7,-24
-12,32
-15,-15
-15,-18
-13,-10
2,-49
12,-2
-8,19
-18,-20
-16,-16
-3,7
-6,16
-8.5,17
-19,-7
-9,-11.5
-1,2
-6,-1
1,-17
4,11
-7,26
-3,27
-7,-30
-19,-1
-1,-28
-6,-20.5
-18,0
-17,-21
-10,12
-3,-3
-5,23
-3,-2
8,18
-10,23
-7,0
-4,-9
-8,0
-1,19
-16,23
-5,25
-16,-1
-7,-4
-9,12
-6,29
-10,48
-14,-3
-9,9
-15,0
-7,17
-4,-29
-5,-41
10,8
-8,-16
-6,24.5
-6,3
-5,31
6,12
7,33
-7,32
-14,-5
-1,-4
-2,19
-8,-12
1,19
1,3
3,7
0,-14
5,17
-14,-6
-8,-27.5
15,-2
5,-25
0,4
-15,-6
-10,9
-5.5,-13
-2,-21
3,-12
13,12
3,10.5
-2,15
-5,7
-11,14
-9,6
-4,4
-11,5
-10,17
-14,23
-5,14
-18,-3
13,11
-8,-10
9,27
-7,-13
-5,0
5,2
-7,-6
-10,20
-3,10
5,30.5
-5,-16
-8,29
8,12
6,-25
2,-34
-9,-28
-9,-21
-13,47
2,49
-9,-24
-9,17
-14,30
-1,-19
0,-27
-18,-16
1,10
-11,-37
-13,-5
-3,-11
-10,-16
-7,1
3,50
1,-10
-10,0
-1,12
2,-38.5
-13,-16
-1.5,-21
-10,-2
0,-14
1,-7
-1,13
-9,-9
-2,9
-20,-7
-3,10
25,-22
-19,-12
8,-26
4,1
-2,15
2,33
2,-34
11,33.5
-12,-31
-9,-18
-15,-33
-11,-17
-4,-33
-1,17
4,-25
1,-26
-13,5
3,-2
-13,-30
-9,-18
-13,-11
2,0
-4,28
11,0
-6,-37
7,6
4,-6
-3,-35
-16,-14
-3,-17.5
-18,-35
10,-27
5,-5
3,22
-5,16
-5,-22
-2,1
4,-8
-2,-4
7,2
4,-15
-8.5,7
-13,-9
-12.5,-10
0,-7
11,-23
-3,-22
12,-25
6,-12
-10,-13
-5,-32
-17,-51
-8,-23
0,-29
-9,-7
-5,-24.5
-8,-18
-9,22
-6,-20
-3,-13
-12,-15
-15,-30
-2,-23
-5,-9
8,-24
-9,-5
-12,-5
-2,-7
-6,4
-5,-24.5
-8,1
-16,-13
-6,-2
-4,-10
-5,2
-11,8
-5,-16
3,-22
0,-32
-10,-23
4,-19
18,-60
0,-16
0,-29
-3,-6
3,4
-10,-54
6,-25
-8,-35
-3,-28
-4,0
5,-22
3,-43
-9,3.5
2,-24
0,-70
-10,8
0,5
0,-3
-17,-22
1,-11
3,-12
-10,-32
3,-27
-8,-47
-12,-28
-12,-16
-1,-32
-8,-12
-2,-28
-2,-34
-2,-36.5
4,-38
10,-60
-7,-22
-3,-45
16,-10
-5,17
3,-40
-7,-18
-2,1
1,0.5
2,-39
-12,4.5
2,-22
-14,3
-5,-15
-6,-11
-12,-14
6,-43
-3,-26
-14,-26
-6,-41
-7,-57
-12,-33
-7,-29
1,-43
3.5,19
-10,-37
-7.5,-22
-9,-10
-7,-32.5
-3,-31
-5,-29.5
-9,-10
-8,-23.5
-6,-1
3,-41.5
-13,-42
-1,5
-9,-25
-12,-35.5
-4,9
-1,-34
-4,-22
-6,-10
-13,-23
-7,-15
-4,-14
0,-58.5
-1,-13
-6,-30.5
1,-21
-7,6.5
-6,-35
12,-4.5
1,-44
3,-3.5
-15,-67
10,-37
-6,-58
-2,-37
-2,-42
-10,-1.5
8,-17
10,-28
-2,-25
-3,5
-4,-38
-21,-20
-22,-18
-6,-50
2,-10
-9,-37
2,-29
