-19,12
-41,-107
-11,-108
-20,-96
-44,-204
-60,-62
-66,5
-22,-35.5
38,-56
71,38.5
4,-25
-71,11.5
46,76
24,78.5
61,-69
7,-22.5
4,80
12,-34.5
78,-13
37,90.5
57,207
35,-16.5
42,10
-5.5,-38.5
0,-73
-2,85.5
-66,-41
-32,5.5
-32,136
-14.5,98.5
-21,19
-12.5,6.5
33,-5
14,-79.5
11,-39
45,5.5
19,0
17,-70.5
-26,-128
55.5,-53.5
-19,-29
29.5,103
56,101
78.5,155.5
69,90
71,-20.5
-5,-35
28,-74.5
24,-110
8,18.5
-52,-84
26,79.5
18,67
11.5,43.5
79,96
134,37
72,191
-4,133.5
27,47
1,38
-28,83
17.5,42.5
-35,145
-50,63.5
-20,32
-55,-10.5
-26,172
9.5,310.5
-35,338
-53,154.5
-7,3
2.5,-98.5
-44,-35
15,134.5
27,44
-20.5,84.5
-20,93
-25,27.5
-37,60
2,384.5
-14,252
-13,43.5
3,-51
9.5,-11.5
5,45
25,29.5
66,-76
79,52.5
79,-76
74,95
74,45
102.5,-117.5
92,-153
82.5,47
56,220
84,215
170,154
202,-41.5
139,-153
103.5,54.5
210,74
132,133.5
127,274
181,-65.5
211,125
187,61.5
198,106
238.5,257
229,150
220,224
175,99
232,21.5
199,-106
217,11.5
198,-33
160,-52
148,-176
173.5,-82.5
150,-215
146,-125
182,-53
173,144.5
150,-79
136.5,-125
133,-43
170,14
106,122
145,-47
122,-89
107,-34
112,24
78,-106
78,-20
97,-138
137,-220
38.5,-2
35,-66
78,-190
62,-93
102.5,-28
52,-86
48.5,119
17,220
99,54
41,69
14,128.5
95,80
82.5,9
47,-130
121,-200
37,-34
68.5,-54
64,24
44,-28
1,-67
15,-208
12,-66
-8,69
-31,264
-29.5,114
-68,-57
-75,-48
-87,-109
-9.5,-94
-59,-61
10,-274
-25,-76
-100,-34
-63,-95
-88,69
-104,-53
-46.5,-96
-16,-153
-19.5,-9.5
-70,-79
-11,-52
-71,-1
-80.5,84
-89,22
-98,31
-22,173
-81,70
-67,-70
-85,-80
0,-102
-87,-81
-80,-99
-26,34
-32,-172
-91,-162.5
-94,-132
-65.5,-98.5
-94,-111
-93,-104.5
-68,-4
-73,96
-85,86
-66.5,13.5
-47,-176
-25,20
-55,-71
-32,-49.5
-49,62
-64,23.5
-98,-161
-92,-20.5
-45,-99
-75.5,13
-88,-184
-56,-96
1,-150
-39,-98.5
-75,-215
-56,-157
-86,-119
-73,-74.5
-46,-249
-54.5,-268
-54,-244
-63,-131
-93,-35
-106,-173
-110,-158
-113.5,-76
-90,-188
-43,-224.5
-65,-103
-41,-137
-122,-104
-137,-45
-102,-67
-102.5,58.5
42,77
-27,40
-77,-209
-11,-176
-15,-109
46,-89
27,1
-21.5,7
-7,92
-4,83
-51,106
-47,180
-19,69
-58,198
-85,156
-13,246
-45,-11
-52,110.5
-72,81
-43,25
-113,-89
-40.5,-77
-21,209
-67,213
-36,63
-4.5,-16
-2,10
-53,67
-45,133
-22.5,248
-13,202
-12,28
-37,11
-77,-29
-105,-1
-39,-6
-39,202
-12,110
-47,98
-52.5,14
-39,-58
35,-70.5
-13,-118
-3,-105.5
-43,175
35,120.5
-78,66
-91,82.5
-35,30
-97.5,106.5
-77,215
-85,214
-59,246
-75,-5.5
-94,-83
-26,-78.5
-22,-58
-17,-64.5
-60,-10
-10,27.5
-9,92
-13.5,88
-25,-30
30.5,5
-78,-20
-74.5,78.5
-14,13
-81,67.5
-81,44
-46,-7
-41,134
-28,162.5
-22,-117
34,-9.5
-47,30
7.5,-16
-16,41
-56,-158
-37,70
-40,31
-34,166
-24,-119
-23,2
-3.5,-38.5
5,54
-45,-139
2,-180
16,-59
61,-15
-15,9.5
31,11
16,4.5
19,-35
27.5,-44.5
-8,28
-58,-37
30,-89
19,-61.5
18,-6
-28,-86
54,-138
-47,-91
23,-76
27,-96
12,-153
48.5,-46
34,-147
50.5,-194
-10,-119
31.5,-136
-37,-163
1.5,-230
-50,-209
-32,-144
-27,-153
-72.5,-190
-72,-274
-43,-234
-10,-160
-39,-87
-76,-42
-50,-139
-68,-162
-56,-123
-70,-6
-10,101
-47,35
-84.5,107
-128,49
-85,84
-2,7
-34,-50
-14,29
-28,-6
-94,-30
-57,27
1,36
22.5,74
-17,-100
-74,49.5
-56,45
-34,4
-10,153
2,-81
-70,86
-92,71
-57,-64
37,-43.5
-8,-135
-52,-133
-76,-28
-78,-57
-6,-29
-54,-50
-68,-117
-53,-129
-4,-149
4,37
-4,5
-28,-181.5
18,17
-23,80
-52,-93
-20,-55.5
-65,50
-4,26
11,-13
-8,3.5
38,-63
51,-72.5
0,-104
3,6.5
15,25
17,156
-13,57
-61.5,72.5
33,17
-19,-148.5
60,-77
50,-85.5
14,-155
31,77
14,81
35,51
13,-14
61,91
153,291
105,28
164,6
165,151.5
109,270
110,54
86,-49
89.5,176
14,144
60.5,97.5
70,101
19.5,95.5
3,133
60,144.5
38,252
114,156
57,97
53,-54
90,-54
123,48
90,-64
133,-121
135,-215
220.5,-176
192,-69
187,-136
155,-40
181.5,26
333,136
280,-67
252,-23
346,161
368,-72
369,-73
319,-94
360.5,-122
293,-47
295,67
255,-56
277.5,-66
354,-54
399.5,42
478,-53
514,-33
410,-147
505,30
434,-27
377,-13
464,131
360,199
397,167
285,-59
368,-12
402,-47
368,-145
408,-47
471,29
454.5,31
482,-84
620.5,71
693,128
586.5,168.5
516,-3
379.5,58.5
389,-21
407,17
376,51
331,160
230,-58
339,-46
322,-70
342,-11
239,171
241,113.5
244,173
230,245
253,118
204.5,200
139,151
57.5,39
39,-95
97,-30
43,-60
51,-95
-5,-76
53,-90
25,-79
38,-215
-40,-206
-4,-77
61,-47
30,-38
-28,-125
28,102
33,-32
-11,-99
39,60
-83,9
-8,-13
-102,-6
-74,-29
-34,81
-5,87
20,-139
-52,80
-79,68
-80,-61
-63,-23
-32,80
-64,152
-19,135
-47,153
47,-13
-4,194
29,41
41,-39
22,-22
4,62
58,31
-31,-52
-37,22
-10,-19
9,-27
3,-56
-7,-21
23,-67
48,-126
55,-143
71,-47
-23,-82
56,-187
76,-86
90,12
64,-125
77,-97
59,-16
129,-127
91,-33
48,31
45,27
33,-155
22,-25
32,85
30,51
148,-64
48,158
78,181
79,71
114,37
70,23
27,126
55,92
88,-23
112,-7
98,10
62,-120
144,-119
107,-39
77,106
105,-34
60,-137
119,-76
54,7
62,-41
99,112
53,69
154,-36
191,-44
222,-83
188,-57
159,-201
186,-75
186,-21
178,-57
110,63
159,18
136,203
252,-33
284,86
327,172
420,140
429,17
500,176
614,218
629,154
608,-31
548,135
414,96
399,30
227,258
245,200
195,-15
138,15
190,64
235,28
206,-43
222,-108
251,-47
269,-27
328,-40
389,123
512,72
546,187
753,141
746,109
710,11
633,131
631,116
523,76
600,-15
551,141
473,102
367,57
348,-68
446,-19
350,-30
445,-32
502,-6
518,-117
525,-2
440,59
452,90
422,56
401,-7
364,-4
332,103
229,97
338,103
230,265
172,239
155,304
108,120
124,123
123,19
103,-22
53,18
45,21
3,-67
47,49
15,-32
4,4
-31,-63
-68,-40
3,12
-15,85
-41,63
14,-102
-78,-131
-17,-28
18,-83
47,1
8,53
13,12
8,83
-29,63
-55,236
-4,71
-12,123
11,-30
-55,3
-61,66
-15,71
-49,-70
-69,-164
-18,64
-88,119
-75,47
-83,-1
-25,-103
-23,205
-79,26
-5,48
-51,166
-117,-16
-78,39
-68,27
-69,48
-92,-11
-64,-70
-50,-54
-58,9
-82,65
-56,7
-50,158
-94,-122
-79,115
-70,-17
-2,151
-34,85
-16,27
-69,25
-77,-24
-19,-74
-61,-49
-55,-64
80,-120
-70,-102
-27,-17
-5,-10
-51,84
-33,-27
-32,97
1,43
-24,-73
-22,-23
-63,67
-72,140
-39,150
-128,150
-22,88
-114,-12
-55,-41
-38,-66
-47,-101
-68,51
-61,51
-49,-29
-61,28
-17,86
-68,-137
-46,-102
-13,11
-54,-19
-82,16
-49,72
-35,10
29,143
-42,-39
-63,3
-90,136
-110,23
-114,5
-34,132
-53,62
-42,57
-101,178
-58,52
-70,44
-96,-51
-22,116
-88,-13
-55,-33
-97,29
-72,68
-96,-21
-36,201
-78,-10
-67,-87
-31,66
-75,0
-71,-85
-54,-67
-64,3
-61,60
-49,10
-31,77
-46,14
-71,-151
-67,-122
-65,-5
-11,1
-42,-67
-36,142
-59,19
-74,-51
-67,-6
-81,-126
-94,-161
-101,29
-91,-50
-82,-11
-80,48
-67,-86
-53,82
-76,-59
-46,-95
-6,-134
-38,55
-52,67
-88,120
-86,64
-59,-87
-81,133
-110,74
-69,-81
-148,-27
-118,-88
-48,22
-56,-162
-83,-139
-96,-91
-100,-51
-85,22
-74,69
-114,26
-88,-30
-115,31
-72,60
-85,84
-99,65
-136,52
-65,-177
-96,-54
-159,-98
-79,-117
-86,90
-108,-71
-106,90
-52,38
-96,272
-27,156
-90,85
-133,100
-138,75
-70,-1
-103,-81
-74,88
-105,-97
-103,55
-52,24
-15,67
-88,221
-74,85
-39,283
23,53
-82,-112
-51,-8
-129,130
-43,158
-15,55
-119,123
-80,-51
-76,-116
-101,-30
-87,-109
-28,-55
-49,-1
-98,18
-78,-8
-58,131
-145,142
-121,172
-110,69
-75,-40
-121,19
-42,60
-92,-103
-65,118
-46,129
-29,403
-25,241
-45,260
-87,167
-96,300
-158,276
-115,129
-86,96
-83,67
-74,111
-101,177
-44,176
-91,67
-56,126
-85,1
-48,117
-36,-99
-16,-10
-6,33
-80,-168
-86,119
-61,187
-72,34
-52,233
-64,334
-11,409
-13,361
-12,178
-36,160
-34,72
-48,123
-77,-74
-32,-108
-86,-47
-112,1
-107,53
-96,-13
-123,-23
-69,-20
-87,106
-103,27
-141,-22
-74,28
-95,54
-69,-14
-82,185
-5,115
16,-91
73,43
-10,10
-115,164
-55,135
-87,56
-62,142
-100,138
-41,14
-34,33
-26,173
5,-42
17,-2
-80,-5
-71,21
-42,-140
33,-43
-26,59
-32,-71
-79,-137
-50,-206
-49,-67
-78,53
-136,35
-24,-10
-115,-45
-97,-51
-53,96
-13,72
-35,-54
-79,36
-127,-31
-76,-104
-61,-44
-89,47
-81,0
-48,82
-45,1
-2,29
-44,-69
-65,-88
-52,-277
-41,-105
-39,69
-54,-4
8,115
-59,119
-81,132
-23,-50
-51,-15
-89,-68
-120,-190
-92,-95
-62,25
-64,172
-98,47
-115,162
-97,109
-54,216
-73,-3
-77,-123
-106,-119
-87,-40
-17,-93
13,-33
-51,-80
-66,7
-22,-118
-5,-96
8,-122
16,-73
-57,-71
-40,189
28,-18
69,-6
59,34
-11,-168
-83,-197
-62,-278
-46,-179
-76,-155
-36,-81
-28,-190
-39,-272
13,-209
16,-4
7,6
3,53
-23,138
-21,23
-10,-16
-61,74
-29,-10
-18,-61
-31,-90
-21,-176
-14,21
-49,-73
-62,-165
-2,-170
19,-171
-71,-173
-88,-307
-77,-165
-46,-108
-49,15
-94,-73
-52,-145
-47,-4
-121,-18
-27,55
-25,-32
-12,50
61,-25
-38,81
-26,-23
-51,-57
-106,27
-60,29
-45,-64
19,52
8,94
-27,23
-23,55
-51,41
15,91
41,77
32,318
4,156
40,279
43,260
-2,105
22,57
78,-50
77,132
16,82
43,185
-19,439
-8,226
-12,175
28,103
151,484
94,141
87,-1
99,-66
154,39
114,85
127,20
151,75
175,203
184,253
122,391
77,280
114,-58
137,-53
131,-91
132,29
91,-76
32,-36
58,-82
129,0
65,-26
139,76
148,-34
121,37
78,51
90,35
91,268
130,143
158,169
197,263
160,141
203,37
186,25
144,18
215,-59
121,3
109,-11
173,-127
218,-51
284,54
186,-48
310,-89
226,-157
218,-21
244,-54
273,-61
230,-21
261,-136
237,-101
278,11
186,107
204,77
226,-36
166,-7
224,-116
278,-168
292,-143
318,-188
212,-69
292,-122
247,-158
225,-129
313,-25
305,21
339,40
396,67
394,-11
455,68
385,75
384,162
328,114
390,67
366,76
343,-79
315,-57
366,-69
453,-149
412,-16
427,144
339,24
396,17
391,-25
339,-47
321,9
432,4
334,-84
384,-69
364,-189
315,-80
282,65
349,-47
355,-43
293,68
327,62
323,-19
360,20
368,-73
395,-174
339,-108
400,-28
482,-78
500,-162
456,-186
580,-73
614,115
576,0
596,-13
447,-135
609,-148
577,-64
531,-63
498,-78
451,-70
399,90
470,-3
461,2
386,-6
476,1
426,-7
417,-121
411,-126
453,-208
486,-117
472,-25
499,-82
565,13
608,5
628,33
561,23
515,2
476,32
584,-16
628,129
538,24
485,-8
445,145
465,62
445,55
429,149
394,-44
319,-86
325,-221
410,-152
349,-96
298,-1
353,84
365,-59
335,-95
354,-44
306,-61
398,-30
323,-47
433,-28
394,64
459,15
451,197
391,45
465,90
349,-77
323,-45
343,10
422,-38
369,59
361,-107
339,-42
313,45
258,199
235,23
305,-90
273,34
361,-56
298,-104
318,-108
273,-123
311,-92
256,-125
279,-4
220,-13
229,70
206,-52
179,85
218,-64
201,-152
228,-87
257,75
254,9
214,-8
220,21
202,191
257,-76
234,115
302,-11
283,-138
232,-70
150,102
186,128
228,87
259,93
203,21
188,-42
195,-120
216,-148
257,-102
206,-4
228,-61
178,17
238,253
259,45
258,157
276,-15
242,45
250,-43
270,-22
257,69
228,-91
225,36
330,-83
283,14
243,-75
286,-84
263,-192
309,-209
326,-207
371,-133
284,-210
281,-207
287,-179
240,-166
317,-179
295,-165
373,-218
385,-212
356,-268
378,-184
439,-185
383,-70
361,-7
356,79
301,109
356,21
278,-102
238,-102
274,-70
244,-95
293,-9
272,-8
275,13
212,41
292,-76
294,-53
231,-15
320,47
329,-12
238,-71
262,-195
314,-37
281,-105
303,-165
270,-194
154,-230
172,-112
131,-145
88,-182
148,-125
133,-82
67,-69
122,-27
131,-147
178,-202
143,-37
83,-185
94,-188
63,-78
194,36
172,111
140,157
134,148
70,-9
128,-27
109,139
49,162
153,191
96,234
89,127
140,-18
76,137
98,64
46,-56
89,58
112,128
-2,-139
34,-149
45,-104
58,18
88,5
29,2
106,-44
65,-106
90,-50
42,103
56,-84
-32,-18
-54,-77
1,-101
38,23
5,-108
-51,-94
11,45
32,113
31,99
11,106
-1,114
30,-8
62,178
65,-89
-10,83
-51,231
57,184
-27,165
-42,162
-41,36
13,33
-25,122
-34,-10
-39,-33
-14,-18
-39,72
-22,-14
-42,-92
-18,-86
-29,129
-49,-55
-72,-51
12,-10
4,182
2,21
-82,-141
-50,18
-62,-18
-34,-7
-24,-68
-101,-26
-28,-67
-65,-103
-31,-35
13,-77
-32,60
-50,139
-15,-31
60,6
-81,22
-41,108
-66,-85
-36,-113
-33,-111
-43,-114
-4,-44
22,94
-19,2
-12,-36
-66,-81
-27,104
22,249
-75,83
-50,-38
-45,82
-96,16
-25,138
-42,117
-19,202
-44,213
9,183
-41,85
-17,234
-46,128
-19,-99
-40,18
-61,236
-66,85
-67,122
-40,186
-60,114
-61,173
-34,91
-51,136
39,221
-12,200
-48,208
-115,91
-72,69
-42,-21
-36,-67
-87,59
-1,-94
-42,16
-88,-163
-7,0
-106,129
-36,-5
-6,110
-61,-11
-66,-67
-81,-83
-43,17
-54,-25
-71,-183
-52,-53
-64,59
-86,-74
-72,-63
-60,138
-65,93
-102,115
-102,-78
-62,-11
-35,113
7,71
-83,-75
-35,-24
-63,-85
-60,-124
-89,-100
-71,-86
-108,45
-102,101
-79,57
-80,112
-20,39
19,163
-37,87
-51,36
-10,67
-61,-34
-113,28
-107,-86
-9,155
-65,120
-83,225
10,41
-68,10
-70,124
-35,47
-53,-55
-76,58
-34,-12
-107,30
-38,-20
-45,262
-191,92
-105,113
-72,173
-50,24
-7,-36
-15,61
9,-46
92,-25
194,28
185,127
181,4
196,-264
192,-140
254,-43
173,-86
204,43
175,-41
338,-99
269,-41
265,-87
232,-71
180,-150
192,-122
321,47
270,-5
326,-40
364,31
422,140
478,209
497,195
588,147
507,147
667,109
812,17
915,88
1086,168
1085,-5
1190,55
1413,83
1657,108
1773,-38
1714,196
1793,227
1637,-36
1918,-19
1760,-6
1656,-35
1491,-7
1389,133
1199,101
1275,-53
1269,-66
1200,21
1219,61
1255,210
1154,246
1151,230
1238,195
1232,288
1228,64
1194,45
1240,-74
1144,-165
1164,-67
1067,9
687,151
619,4
627,-12
546,-42
559,-155
432,-40
376,-94
263,-67
462,92
382,-1
227,39
200,-71
209,-85
332,-166
252,-51
180,146
94,176
74,271
45,42
22,54
39,89
-65,-65
-63,-34
19,112
-44,-77
7,-142
-40,-37
-16,-24
-60,-83
-61,91
-24,172
-3,174
2,149
10,-74
-34,-125
-9,74
-71,125
-44,33
-36,21
-68,133
-81,7
-84,-103
-95,-4
-66,-14
-97,51
-46,-1
-87,31
-94,179
-80,63
-105,119
-87,-82
-90,21
-47,84
-33,54
-99,184
-51,110
-63,163
34,22
66,57
46,95
18,25
51,-64
91,-86
82,51
177,286
96,-3
67,157
34,-39
40,76
-5,-146
121,26
143,32
145,-118
49,-80
33,133
-33,42
3,85
-13,66
-55,17
-64,-15
14,75
-45,161
6,-2
-79,-63
-37,142
-6,86
-8,-39
-56,44
-2,4
44,195
6,98
-35,-34
-42,-23
-51,-30
-20,20
-39,-22
28,-62
-63,33
-67,-27
17,-54
21,-87
-21,-56
-43,-26
3,36
-43,8
-51,89
-38,-52
-28,-28
-106,-123
-108,-55
-81,-35
5,-1
-56,-73
-62,29
-53,-82
22,-11
59,-4
-15,-37
-21,31
30,-32
17,-33
-16,34
-55,-69
-19,-64
-47,-62
-68,29
-4,92
10,48
-6,22
-9,60
-28,-2
-31,-97
-52,51
-53,154
-76,-123
-75,-65
-14,2
-52,-39
-28,-4
3,32
-66,90
-56,111
-49,30
-85,-121
-60,260
-86,131
-82,26
-82,-100
-90,-12
-125,-16
-50,-135
-44,-30
-36,-19
-25,-112
-124,39
-28,3
-142,145
-116,28
-168,76
-102,-5
-99,-20
-43,155
-80,-71
-62,260
-103,21
-44,25
-124,-162
-94,-15
-71,114
-32,50
-75,-6
-16,95
25,-70
32,10
-25,0
9,77
-57,76
-22,128
-71,179
-108,85
-67,-18
-52,51
-68,162
-72,304
-61,80
-78,148
-51,-41
-71,20
-87,145
-13,330
-13,155
-31,165
-110,108
-67,237
-93,97
-114,107
-73,75
-92,71
-113,6
-101,-1
-28,236
-49,51
-31,-160
-52,-64
-42,-111
-85,-58
-37,29
-28,-116
-94,-144
-40,-27
-27,-72
-87,-137
-77,-82
-97,123
-78,30
-76,-20
-104,-76
-102,-126
-135,15
-67,-55
-49,-24
-34,-58
-111,-42
-104,10
-47,66
-120,29
-65,7
-54,182
-73,126
-34,-39
7,12
-28,-39
39,-168
-27,-129
-28,111
-9,59
16,162
118,75
-14,99
19,44
48,6
44,-25
32,30
58,57
-13,60
-80,34
-47,-61
-89,-107
-20,141
-28,165
-79,375
-38,38
-68,23
1,-115
-25,-146
32,-3
14,75
-7,-54
-1,-51
-7,-34
8,-22
40,31
136,89
-7,-29
27,-58
-40,-116
37,5
10,-147
-41,-94
2,-41
26,98
-1,15
-32,-123
-54,-155
-67,-93
-6,-114
-4,-120
50,11
92,108
50,22
29,-170
-36,-245
22,-200
5,-245
7,-203
31,-239
-20,-88
30,-163
103,-179
48,-211
-20,-214
-46,-166
-4,-81
37,-61
59,176
-23,96
22,93
10,219
35,53
-31,-54
2,79
-15,7
1,137
-23,218
-25,9
-48,-83
-55,-117
-54,-121
-47,-39
-36,199
-3,-31
-39,4
-58,-8
-76,-86
-85,-181
-54,-89
-23,35
-100,19
-26,75
-35,-10
3,39
62,196
-47,158
-4,-14
-33,168
-37,215
-87,-4
-42,98
-25,-63
14,94
-49,30
31,5
41,127
-44,74
-37,16
-106,-41
-33,38
-37,26
-40,-21
-30,-58
5,21
-36,27
-36,-51
-28,-120
20,-87
41,16
65,71
64,77
75,-92
102,-67
-20,-159
-56,50
-32,-82
-45,-39
-35,-91
16,-98
37,17
2,112
-25,92
-27,115
97,81
223,-24
213,-39
179,-73
200,-135
301,44
303,-68
252,58
182,130
245,37
399,-66
593,-58
593,-90
615,-100
406,-109
571,45
534,-65
309,-182
341,-51
308,32
216,-133
188,1
132,106
127,156
151,1
140,4
86,-13
44,-62
21,11
61,-127
24,-111
7,-93
62,-118
69,-115
25,-53
4,80
51,148
-16,-33
-33,-53
5,-52
65,57
-18,86
-31,-23
-62,-7
-26,10
-36,-16
-27,20
-8,11
21,61
-50,173
-38,95
-69,233
-32,22
-53,-104
-66,-132
-82,-101
-33,-52
-55,-163
-31,-35
-56,19
-27,170
-71,50
-59,-160
-38,-27
-95,-63
-50,50
-81,69
-30,-15
-75,-149
-50,-158
-18,-99
-44,-203
-19,-143
-41,-187
-52,-84
-105,-125
-42,6
-42,-26
-53,-91
-97,-147
-53,-17
43,-67
-62,-68
-58,73
-10,92
42,-7
23,-94
-16,-112
-11,-62
-8,-31
2,-5
-9,-41
26,84
17,-156
-4,-113
45,-162
16,-119
-1,-83
-30,68
0,-105
-6,46
-7,-54
-31,-95
-33,-191
37,-55
51,-50
16,-23
85,-114
52,43
-25,79
29,-169
-15,-147
34,-235
36,-248
42,-227
14,-180
8,-102
13,-10
-25,-220
88,-320
111,-217
150,-196
137,-107
102,-49
119,-46
144,-10
92,-46
150,7
105,58
156,82
15,134
58,164
61,52
34,121
13,98
-42,-31
-49,39
40,62
-32,85
55,176
-33,136
-8,-57
-15,-43
-20,138
-17,-12
-15,49
43,-67
-2,-48
-63,-31
61,94
9,-139
-24,-40
-16,88
-22,-79
-3,-94
7,-17
-16,-18
-7,-99
27,3
-22,-76
-50,-18
-72,-35
-67,131
-88,74
-57,110
-39,134
-29,13
-4,20
-51,94
-40,-90
56,-76
-27,22
-50,25
44,-73
-5,146
13,-46
7,-127
8,17
9,54
-8,-51
46,-73
-23,-4
6,-81
-13,-102
-3,-106
-50,-92
2,-37
-15,8
-36,-49
-6,-8
37,3
-33,2
-59,0
72,108
-31,40
43,23
-32,7
-44,19
-22,-87
-23,75
16,22
54,-9
23,79
0,-90
29,-117
52,-49
64,-71
33,-94
44,-77
34,13
104,20
221,-45
172,-76
171,-14
307,70
275,139
323,4
277,45
304,76
335,197
315,122
256,168
191,141
174,100
182,-32
163,109
223,228
120,219
191,67
273,79
139,201
282,132
190,144
192,91
246,34
47,94
29,218
43,39
-7,-116
-26,47
-17,245
37,-26
26,-98
65,-63
53,-36
-1,-40
-13,176
46,160
-9,60
-30,81
27,-43
18,-43
41,44
42,290
38,287
55,202
55,282
75,44
86,87
69,201
50,185
28,83
76,107
81,166
118,148
101,14
165,-105
82,316
152,325
91,190
128,285
102,185
112,30
152,175
109,206
75,-18
134,64
144,156
134,49
46,205
115,-34
118,142
146,194
165,135
107,150
105,7
139,115
55,-103
49,41
109,177
25,91
82,147
14,161
117,238
26,20
62,147
89,189
39,25
83,24
114,93
78,93
18,81
140,91
134,198
117,119
147,216
18,439
111,183
72,313
42,6
98,76
42,117
104,9
106,4
89,-60
57,-105
81,-149
127,39
71,-55
30,7
10,18
61,36
134,90
92,79
93,-20
135,79
87,-65
71,28
90,83
65,-46
27,93
68,56
30,102
23,24
32,156
69,37
40,-33
16,-74
68,-91
52,48
82,-93
58,-20
30,7
41,135
26,98
48,153
12,6
36,36
-1,-86
0,0
0,91
-5,107
-27,90
20,161
9,-59
17,84
37,339
1,261
54,302
-1,211
20,269
-9,248
-32,306
-30,235
19,230
29,53
43,-57
21,-36
36,5
42,-15
5,-47
22,-137
24,-135
-60,-58
-20,-164
48,-220
2,-182
0,-202
-6,-153
82,-14
21,-146
50,-162
46,10
-27,92
-15,9
-42,-91
-46,-80
-76,-72
-34,-199
-26,15
-17,-57
-6,-83
-7,66
-64,-64
6,-137
-23,-168
-78,-103
-96,-53
-95,24
-83,-34
-22,36
-15,100
-16,14
-11,77
-27,108
-90,67
-36,-25
-40,14
-21,67
-11,175
23,112
22,103
-37,134
-49,-22
-74,-87
-66,-38
-38,-68
-26,53
-32,90
-61,-11
-75,78
-70,91
-45,62
-99,-93
-78,-85
-35,-4
-103,-70
-42,-84
-62,105
-38,-10
-63,44
10,-88
-24,-31
-48,-18
-5,101
27,31
17,26
-41,118
-10,-80
-13,-57
-40,-48
-61,-25
-32,45
-12,-182
-10,-79
-37,10
-46,-100
-19,-151
-4,-119
14,-143
10,-234
50,-186
88,-161
75,-96
13,-260
51,-104
33,-39
92,225
42,241
21,-79
37,-73
43,149
7,153
15,20
-2,-95
-2,-85
5,-194
-11,-40
65,-21
31,-23
90,85
17,107
33,-33
57,146
69,-7
76,151
-22,84
-35,57
-66,-3
-44,-18
14,1
-18,-46
-12,-121
-22,-60
26,14
15,24
49,23
-6,-11
55,14
39,-186
-48,-4
-27,-84
2,-94
12,-289
2,-173
4,-211
9,-86
25,-55
7,-177
8,-4
24,-10
124,-103
277,-87
321,184
247,-12
250,-131
241,-52
134,19
324,106
324,174
357,191
274,178
274,197
173,120
185,-56
49,29
109,43
15,93
-5,32
74,115
42,27
47,60
64,-34
52,62
26,33
-14,70
2,86
-45,111
-44,-63
5,-85
21,51
-59,-64
-59,-159
-35,-71
-72,-100
0,-57
-39,-50
-29,-142
-62,-152
-95,-36
-16,116
-72,77
-61,14
-5,-44
-5,10
-80,-43
-45,-7
-54,24
-33,-28
-84,24
-59,70
-71,177
-71,125
-52,168
-52,166
-13,-141
-44,-167
-58,-99
-63,10
-68,147
7,126
-48,133
-22,-42
-32,3
5,-12
2,18
-39,-3
-54,167
-14,-45
-36,-92
-27,-149
-27,4
-61,-204
-41,-79
15,-20
5,-138
59,16
38,56
-12,-45
-13,-56
-42,-110
49,53
78,20
98,-68
68,-138
-10,-140
86,-115
145,-135
79,-81
56,-170
93,-97
101,-15
96,28
64,12
50,3
43,4
-64,-81
-88,-86
-116,94
-68,15
-38,-33
-39,63
22,-142
52,-125
28,-247
12,-178
25,-178
30,-163
-36,26
13,-63
-27,63
4,-51
4,-63
-7,-69
61,58
-33,-112
-47,-134
-51,-70
-78,3
6,-59
3,-128
-38,-108
-2,-93
-41,-2
-58,29
24,36
34,-39
-94,-135
-37,-55
1,-211
-5,-93
-39,-73
-7,-71
-20,-33
-37,6
-16,-144
18,-97
16,-53
-38,100
-27,33
-33,-107
-30,-187
36,-149
33,-36
-36,87
-8,-171
-30,-63
-15,-51
-109,-141
-12,-188
-92,-99
-53,-34
-72,99
-20,-48
-44,-113
-63,-37
-98,198
-12,183
-19,2
-19,-7
-27,-8
8,-89
-54,54
-14,-81
-2,30
9,40
-69,187
-49,249
-32,167
0,23
-17,-51
-17,80
-6,-90
-18,5
-11,107
-40,66
-36,81
6,-9
-8,74
-52,-68
-29,-67
6,-204
15,38
-45,120
-6,8
48,84
33,125
38,96
51,75
-17,-10
21,-4
-22,-34
-2,-105
40,-98
60,-78
31,-115
2,-25
37,156
19,139
-8,75
7,-152
52,-51
-47,-115
-44,33
-65,68
54,-105
-7,-27
-45,-27
27,-50
-64,-58
-5,-10
2,-78
-75,-58
-30,-203
29,-46
-31,-88
-51,-163
-35,-182
11,-76
54,24
-1,-19
-1,60
-20,-110
5,-94
-20,-62
-21,-30
-24,52
-4,78
40,125
8,60
-23,26
-79,69
12,-51
-34,27
-64,-12
-67,-9
-63,177
0,365
32,91
43,24
-16,13
97,-6
62,-12
37,16
23,57
25,54
71,-1
16,70
21,72
-51,-36
-77,100
-47,6
-9,3
-37,81
-49,81
35,123
-41,223
-62,21
-55,-101
-24,-73
-23,-177
-19,-86
34,-105
38,76
-28,-105
16,56
-12,19
-49,11
-19,3
37,-44
24,-6
69,87
-40,39
-42,6
-33,-70
-20,154
10,58
20,-24
-44,48
-50,-44
-29,-117
-14,-93
-4,-11
-20,178
-72,-41
-77,-26
-75,-95
-87,51
-39,-42
-71,32
-31,42
-112,-6
-80,45
-16,-118
-23,-29
-7,-56
-26,-21
10,56
21,-52
-52,-23
-66,-105
-19,12
53,-15
-16,1
-27,126
30,164
13,134
-20,-6
-38,71
13,-83
7,-94
44,70
-59,-62
-30,212
-117,51
-52,31
-19,-4
20,49
1,-5
33,104
-42,98
-6,38
13,-28
-11,-63
-15,50
-11,75
-15,7
0,-15
8,-62
24,-109
58,-79
-29,-83
-15,-62
26,-75
12,-83
31,16
-37,-174
-7,-24
-22,-71
32,9
-2,20
5,-16
36,60
15,-24
23,-101
19,-44
4,-83
-24,22
-1,59
-31,65
-9,32
-14,34
-48,99
27,76
-1,200
-15,203
16,22
15,-63
21,-52
11,-82
-44,20
-47,132
15,43
-2,276
46,137
23,-28
-37,149
-5,81
0,136
3,-62
45,-165
64,-202
-26,-103
-49,-5
16,70
-16,-58
-51,-172
-19,-23
-31,-70
-59,-27
-15,-101
-57,76
-93,52
-88,117
8,143
20,37
-71,31
-25,35
9,20
5,-31
14,53
-15,-185
17,-75
31,-31
104,92
179,110
71,-8
126,-115
232,13
205,9
223,52
193,71
170,166
123,77
105,-32
28,10
15,31
57,-85
-4,137
21,106
33,137
-21,142
26,132
15,-3
27,-129
15,3
11,56
-64,24
-1,89
-21,155
-58,397
51,263
38,125
-53,22
-18,-41
37,-131
43,-68
47,-62
-11,35
-2,68
-21,48
-13,27
35,35
-30,-3
-3,-102
-43,-74
-30,9
-11,-36
-45,-84
-29,-93
-47,-73
-8,-121
2,-87
37,-99
-14,-157
-18,-99
-11,-67
25,-51
66,-76
27,37
50,-7
51,118
7,-48
53,30
-13,-58
3,31
-38,33
1,-23
-11,-194
6,-117
11,-177
-7,-115
6,-154
8,26
15,36
27,-72
32,-17
29,168
47,245
80,157
74,-52
43,-163
14,-48
21,-26
26,85
-15,-109
11,-92
15,-15
3,-55
-47,-14
7,29
-15,145
-11,134
21,-18
-15,66
-31,-139
-21,-54
70,1
73,60
-8,115
44,60
98,-20
138,-5
58,-112
39,-132
54,-26
-13,3
32,105
26,71
27,4
49,-32
47,95
-12,84
-36,51
-74,-119
-11,-164
-16,-141
56,-22
-13,103
-6,108
10,271
27,204
-71,184
-6,105
9,-90
1,25
59,62
4,68
21,113
27,401
-9,251
-41,133
5,-27
-4,-176
-5,14
-7,-46
-24,-108
-40,-89
-3,-1
-3,84
-21,60
-3,112
55,19
-48,-40
-4,-48
-35,47
-30,-41
-15,7
2,44
-72,-96
23,-10
-63,-22
-81,-141
-61,-59
-55,-197
-38,-150
-7,-131
31,-19
-41,42
-44,27
-76,21
7,-128
-46,37
-79,1
-21,-43
-28,-11
5,9
-4,-140
-13,-48
-24,-99
-16,-101
6,-129
-26,-19
7,4
-21,-46
23,-195
-19,25
-24,9
-3,-63
-7,-105
-1,-40
70,35
13,-96
-32,-95
-27,66
-50,68
21,12
-2,-73
29,-70
29,-39
7,79
-20,1
-7,-79
-13,-66
5,51
-38,62
20,20
-28,-16
-38,139
20,37
-9,50
13,85
72,72
24,81
13,271
-24,95
-4,121
-12,295
-66,279
31,95
10,123
41,-41
4,122
9,168
-12,-58
47,91
48,223
63,102
-40,-80
-51,-60
9,85
-29,174
27,186
16,183
24,3
-69,0
1,154
-28,235
-25,127
-55,83
28,37
-47,80
-6,-66
-45,99
-68,11
-25,-120
-33,-74
-18,-60
-94,-83
-21,35
-11,25
-74,19
-47,-113
-49,-66
-97,34
-38,262
-56,113
-43,73
11,44
-2,1
-32,144
-34,179
-59,132
-28,-10
-50,-28
-4,180
37,-50
-22,-44
-38,145
-4,261
38,109
81,233
17,47
27,59
35,81
-48,48
27,89
-33,-39
-4,73
3,57
-22,-44
-75,38
27,-56
14,19
-26,-5
-41,4
-80,-94
8,-21
70,-133
24,-91
49,-25
27,-67
149,30
46,-28
14,15
69,-58
-2,33
-56,-26
1,-77
-52,-81
-31,-35
2,-3
-29,-65
-49,96
-68,95
-60,11
-53,153
-74,-117
-26,-117
-3,-14
-20,-153
-18,-50
74,-37
140,-53
115,-214
225,-129
256,63
166,-24
217,-7
146,-1
196,-13
159,-12
133,77
-23,121
3,129
38,49
-18,35
-85,-25
-1,69
-18,60
-17,169
3,41
51,1
-7,17
31,-111
-5,-126
-65,-161
1,-48
-93,4
-45,-93
-18,170
-37,215
15,5
-14,-132
-43,-118
40,-220
-15,-98
-55,11
-81,71
4,92
-51,171
-37,208
5,196
-19,1
-47,6
-76,63
8,48
-67,-53
-56,-60
-62,-31
-55,-127
-54,-30
7,-75
-24,-65
-11,32
37,14
-31,94
24,58
76,13
56,-36
117,-40
117,-116
129,-104
39,-48
85,-43
122,-118
89,-121
81,-126
73,-104
77,-167
140,-111
234,-97
242,-74
168,-190
234,-125
192,-86
275,-172
121,-30
205,28
232,24
124,-80
131,-69
242,-129
156,-56
148,-42
95,137
64,-57
79,47
53,118
76,2
12,86
36,259
91,203
74,130
23,294
22,448
-6,201
96,11
108,-22
80,52
66,65
54,197
51,264
70,310
8,254
81,134
92,79
-6,132
33,41
35,76
99,-1
6,57
18,140
42,-29
23,-71
29,-136
27,-97
24,139
29,54
40,120
23,105
-19,-26
-21,-39
-16,-18
-66,152
29,181
60,105
-22,-12
-9,-17
-79,2
-47,11
-42,-86
-27,-69
-39,1
-15,101
-2,39
-79,29
-53,158
-65,133
-55,54
-137,4
-77,114
-28,29
9,99
11,81
11,104
17,6
27,111
68,-17
61,-61
109,61
63,100
5,-8
34,107
45,150
10,-25
44,137
87,92
139,177
42,-24
66,96
60,3
71,-55
-13,65
-33,200
110,223
40,105
16,84
-5,205
-6,55
31,5
23,35
58,57
122,72
76,47
-8,37
-20,73
-37,274
1,105
-20,1
-13,-66
-56,-139
-16,-87
3,64
-55,-33
-47,7
-33,-167
-70,-109
-92,-208
-41,-45
-15,-32
-36,1
-4,53
-24,-90
-83,-173
-61,15
-86,-129
-13,-43
-65,-105
-12,-83
-47,-53
-52,-179
-19,-161
-69,-236
-115,-43
-121,-184
-78,-180
-53,-135
-71,19
-78,-45
-93,-64
-82,-39
-87,26
-101,-111
-59,-86
-64,-79
-76,-193
-43,-90
-112,-93
-127,-39
-106,-109
-86,-19
-113,132
-80,-36
-109,-30
-51,231
-82,25
-27,52
-7,60
-48,56
-33,64
-22,-95
-68,-37
-69,-148
-49,-37
-67,-4
-100,-50
-2,155
-96,60
-55,-10
-5,-96
-25,-151
-38,-59
-70,-19
-93,-63
-70,-19
-68,-7
-65,127
-67,44
-84,-49
-52,-162
-31,-124
-71,-94
-64,-63
-64,-1
-27,-94
8,-78
-43,-137
-72,-177
-94,-42
-54,-105
-25,-102
-60,132
17,33
9,12
17,-116
85,-111
29,-148
-3,35
27,-112
104,-110
24,-141
-24,-118
23,-154
-6,-21
-64,-151
-16,-148
29,-240
-57,-138
-76,-122
6,-136
43,-162
-15,-181
36,-117
101,-55
-14,-279
20,-97
58,-108
20,7
4,206
14,3
27,113
67,87
53,12
-33,72
18,23
20,-91
23,-97
107,-213
39,-102
34,-143
-32,-100
0,-129
-3,-168
-2,-94
-1,-206
-7,-45
-7,-149
-1,-137
-17,8
10,194
-4,146
-17,86
-6,-53
-13,-31
2,-12
-6,39
9,75
31,17
-1,67
14,192
11,195
-96,266
11,194
-50,40
-20,-15
-17,27
11,64
28,209
40,90
-40,-66
-68,-72
-124,-49
-81,3
-78,-1
-11,-53
-20,147
-69,78
-45,69
-75,-36
-70,-2
-27,-55
-37,169
-94,90
-19,120
-9,110
-56,-11
-42,125
-23,-58
-55,-3
-16,153
-74,-13
-100,-181
-21,-60
37,71
-33,14
-37,7
10,-102
17,-18
-21,164
-71,227
-80,53
29,-99
27,-22
81,-2
61,-18
-1,61
59,12
27,26
180,78
93,81
99,48
44,100
61,78
-19,-56
-45,-50
23,17
-1,-174
7,-56
41,-40
-32,-92
-70,-155
-6,-93
-44,-130
-14,-117
-48,193
-8,160
-23,78
-79,98
-74,30
-14,81
-15,97
-4,148
-47,-61
39,194
-38,60
3,301
1,130
-82,127
6,148
-46,179
-3,108
-9,-25
-99,9
-36,190
-85,282
-74,122
-19,55
1,62
-21,25
-36,-6
58,-12
-38,-27
-17,61
-17,-15
-2,-54
22,141
-81,-35
16,-30
-52,-73
-28,-91
9,-107
-3,-105
16,-84
-2,-255
26,-190
48,-218
51,-172
75,-237
107,-167
121,-93
109,-60
30,40
113,-149
144,-212
153,-153
154,-70
111,-199
234,-35
327,22
318,-23
472,-9
485,232
342,-69
310,-183
225,-54
197,-9
167,144
123,10
83,-72
100,71
88,31
103,-25
14,-17
106,192
130,-57
137,40
182,-76
109,-47
101,-6
84,-30
77,-98
64,16
99,32
126,182
141,73
129,200
44,117
-7,-49
31,18
58,-53
79,33
62,66
153,26
147,42
133,107
62,73
179,173
144,-10
140,77
59,-13
20,35
18,-52
98,-85
54,-20
12,46
45,71
126,-25
90,-39
62,97
-1,47
42,-1
98,130
29,56
99,41
108,54
121,5
100,59
128,229
118,188
149,80
152,330
121,-51
89,-92
118,-63
204,93
156,-46
127,74
104,87
66,-20
55,-53
60,-8
109,104
138,257
114,150
127,227
176,297
168,198
172,216
128,140
184,-79
211,-15
134,0
137,69
206,370
180,185
194,147
199,27
180,36
200,301
125,41
151,62
130,-17
244,72
253,247
296,188
313,133
351,178
431,110
434,102
467,80
391,2
496,-2
477,-48
416,-29
388,-16
392,-67
298,-48
286,13
297,191
328,95
319,-36
301,77
199,-62
284,-164
359,-100
329,-73
339,-141
459,-219
447,-101
451,-1
422,71
361,132
432,-78
351,228
260,18
327,-53
234,-126
215,-89
220,-42
261,52
215,-102
171,-13
180,-79
173,-67
232,-32
214,-32
242,-61
266,-25
252,-65
261,-68
243,83
198,-82
266,92
295,195
240,89
225,-30
194,-81
195,-23
221,35
262,-22
141,153
196,112
157,64
173,-33
210,-85
185,-22
147,255
123,182
130,217
107,90
142,59
124,55
153,-43
91,-5
209,-114
141,-15
195,22
134,-41
59,-220
123,-288
116,-248
132,-60
99,-32
63,-60
105,184
33,128
78,15
37,184
7,284
76,265
56,118
151,138
108,167
97,165
77,-27
84,19
31,-50
101,-114
117,-174
62,121
112,76
20,15
64,24
49,74
40,12
54,-39
52,-151
-1,-116
70,30
-49,-33
49,30
53,85
-8,-64
-47,-45
12,-66
42,20
57,18
18,29
0,-159
45,-63
-10,46
0,217
7,90
3,11
42,156
-51,110
-22,225
3,110
-22,-6
-66,47
-58,-49
-49,-112
12,-63
-15,17
35,119
-34,-14
33,50
-37,-90
18,-128
14,-50
-11,-164
-9,-52
-10,38
-24,117
0,89
-62,22
-57,63
6,41
37,72
-1,101
6,259
-32,122
-41,70
13,19
-54,-117
-47,-145
-45,-102
-44,0
-51,-128
-44,-143
-97,-47
-68,-116
-20,26
-30,-74
-23,-118
-20,25
-67,76
-64,-24
-54,-112
-48,-68
-86,-87
-15,33
-46,108
-18,-24
-36,-68
-72,42
-60,28
-59,67
-45,-189
-70,-202
-27,45
-67,200
1,60
-58,131
-74,185
-15,-9
-51,-55
-83,91
-97,95
-62,44
-80,-157
-65,-112
-63,-99
-63,-81
-73,4
-92,16
14,58
-9,75
-40,126
-11,-60
-30,-113
8,21
9,-8
-35,97
-69,122
-112,41
-95,113
-65,187
-53,120
-23,-12
-11,38
-8,-40
62,-1
-9,-14
-1,-1
-50,-51
-37,-44
-57,-54
-74,134
-79,27
-5,8
-5,32
-26,-142
-36,-107
-51,-100
-59,-94
-104,-201
-64,-181
-101,-147
-82,-126
-77,-128
-83,-149
-60,-131
-84,-160
-90,-140
-120,-197
-110,-165
-126,-31
-146,-236
-128,-271
-98,-235
-99,-212
-83,-210
-116,-319
-123,-226
-41,-163
-60,-238
-121,-260
-122,-285
-104,-180
-80,-144
-95,-12
-24,-36
-26,-107
-88,-59
-82,122
-80,89
-48,8
-16,-76
-66,-133
-57,-89
-46,-111
-29,-53
-60,-78
-91,-113
-87,-150
-118,-162
-66,-38
-89,-20
-82,-142
-78,-112
-106,-139
-74,-109
-129,-109
-78,-96
-56,-134
-123,-106
-115,-143
-45,-33
-46,-89
-104,-157
-122,-27
-153,-87
-89,-172
-105,33
-133,-34
-91,-199
-94,-203
-70,-242
-41,-113
-101,-244
-101,-292
-92,-217
-136,-258
-116,-122
-124,-158
-158,-209
-124,-219
-72,-155
-105,-213
-142,-280
-48,-155
-111,-188
-59,-156
-74,-96
-76,-76
-17,-106
-45,-162
-99,-73
-90,-100
-67,-154
-80,-142
-31,-51
-113,108
-95,103
-116,48
-86,59
-5,-82
-28,59
-74,8
-63,70
-38,-48
-3,-11
-15,162
19,51
54,32
48,175
-59,73
-87,103
-67,18
-79,31
-29,-18
-27,195
-33,151
-3,32
-114,168
-101,38
-62,101
-50,34
-78,-15
-103,133
-45,277
-106,193
-85,215
-87,165
-128,25
-72,149
-101,265
-124,29
-88,37
-89,54
-77,-83
-110,-1
-65,-9
-111,17
-40,12
-123,47
-37,55
-82,1
-66,32
-60,96
-55,27
-71,-21
-91,219
-57,105
-47,39
-95,230
-61,138
-23,177
-79,82
-60,20
-62,153
-70,91
-81,135
-54,242
-76,383
-80,164
-105,282
-96,222
-52,289
-25,266
-59,119
-62,89
-110,36
-129,44
-77,12
-88,17
-49,-18
-135,114
-85,-19
-66,41
-58,120
-133,-86
-113,-91
-114,-46
-110,93
-73,219
-86,20
-90,-25
-65,101
-85,32
-79,147
-101,183
-86,-123
-36,-113
-49,-52
-25,168
-96,98
-82,54
-60,-7
-65,-53
-9,-170
-10,26
2,-89
23,30
-9,119
27,150
-11,94
8,48
45,-83
-34,-34
-25,-15
-95,-5
10,-93
3,-56
-54,-26
-44,-181
-6,-134
-7,-113
-22,-101
-40,-139
2,-148
10,-5
-16,-76
0,-82
64,-158
7,-118
54,-32
94,79
153,176
112,111
85,-131
161,-119
282,-34
214,145
193,162
134,-50
335,45
563,36
866,49
1049,202
1514,292
1955,363
2584,496
3245,562
3626,466
3667,564
3901,655
4525,584
4949,887
4840,647
4806,872
4884,886
5284,1049
5398,1066
5250,1177
5127,1318
4839,1147
4724,1165
4557,1003
4404,914
4334,1082
4158,829
3745,850
3399,769
3208,601
3192,655
3068,651
3010,689
2280,668
1790,440
1722,387
1662,585
1589,585
1130,327
948,153
750,281
900,151
767,153
696,181
625,179
609,-10
614,-45
579,-29
585,100
490,140
480,41
498,125
441,124
331,66
317,11
376,256
374,77
419,-81
405,11
376,101
402,24
444,28
376,-20
395,88
333,163
411,217
325,138
323,-42
340,28
370,-31
314,38
333,-104
368,-143
370,-123
401,-69
281,-102
188,34
209,124
344,123
402,23
378,132
290,53
335,-17
391,37
388,-21
345,-24
278,-105
300,-40
276,-25
256,-80
254,-8
178,48
192,112
131,-25
153,21
158,-92
246,86
170,-130
242,-114
148,-188
246,-66
282,-71
232,-1
229,-51
222,-6
218,26
219,-66
163,-225
255,-238
189,-80
193,18
144,-72
151,-127
165,-176
159,-55
197,74
158,-95
108,-67
137,2
234,183
213,37
126,22
157,54
182,9
62,-48
62,11
139,110
137,46
144,316
132,237
89,16
138,236
103,69
141,-15
124,-21
214,-32
153,-71
133,-152
186,-26
161,-18
190,103
43,-101
90,132
26,98
95,69
-5,14
15,-66
69,-135
60,-13
26,32
46,161
66,312
147,89
102,87
160,254
124,160
152,102
229,69
148,-14
152,44
152,-15
170,29
109,59
148,131
122,100
61,129
66,-6
56,119
103,176
118,8
144,12
69,228
120,117
95,22
48,-32
101,-39
108,2
135,40
43,-42
106,-110
76,24
97,-40
117,-69
148,-97
56,-175
68,-11
83,1
10,70
-6,3
30,-2
61,32
8,-90
13,-38
63,149
97,109
82,174
34,140
47,126
99,67
93,152
44,18
100,151
147,65
35,55
111,-45
89,56
63,-24
70,6
34,-76
54,-27
24,77
-20,177
47,101
-44,-17
-8,-103
4,-182
-21,-185
-35,-138
-3,-13
-6,115
74,40
17,28
25,-127
-2,-103
7,-95
-20,-45
23,-80
22,-168
-35,-239
-27,-198
-32,-215
14,-155
-49,-125
-2,51
24,36
-70,229
-58,105
-75,-105
1,13
-42,-26
-42,-92
-10,146
-41,-32
28,-6
-60,-84
-1,-3
44,-53
-53,113
-25,51
-20,-19
4,212
-34,88
-39,-66
-82,-92
-9,-45
-9,-99
-7,-59
4,-4
23,-120
-3,-55
-36,25
-69,-37
-53,-29
59,-24
-15,43
-25,-81
-25,52
3,-27
21,13
20,135
-64,51
0,-92
-7,0
38,31
-31,38
-20,-64
-42,-3
-31,-176
-13,-197
-7,-51
41,-26
-34,8
-36,160
-40,-31
-2,20
-11,30
-20,97
-17,-98
-31,-132
-38,-133
-61,-62
34,-7
-60,193
34,-8
1,-29
-14,84
-27,159
7,143
-6,104
37,136
20,-13
36,33
-44,-2
17,3
-25,-25
-14,-21
-36,92
-4,-16
-25,-120
-27,-68
3,-154
-69,40
-53,-23
33,-80
31,29
23,-9
4,108
1,19
-15,0
-71,-78
-38,1
33,39
4,125
27,8
-42,-41
-38,-108
-32,-13
10,-106
-45,-130
10,-81
-11,-135
-11,-138
9,-101
10,-203
1,-118
30,-86
8,-23
27,-92
23,-143
-21,-27
11,-12
-28,-102
-1,85
32,171
19,151
64,85
4,149
62,115
33,123
-35,-21
-50,35
-63,96
-6,219
71,64
-40,269
5,5
-38,46
-5,87
33,-14
45,37
-10,164
-69,158
-81,158
-33,94
-40,-122
-84,117
-71,39
-22,79
9,23
-27,-68
-77,71
-38,69
-20,2
12,125
-62,-86
-43,4
-33,110
-57,183
8,47
26,66
-20,96
-4,343
-40,96
15,-33
-50,56
23,155
-17,361
-5,181
55,-5
-50,-85
14,-72
37,45
19,-25
12,-56
-16,0
11,-82
-42,-102
-53,-4
-53,-71
-57,-5
-7,43
25,101
2,-22
4,92
2,133
3,195
12,56
-13,-33
32,-150
-7,-217
-8,-167
-5,-103
10,-92
12,-97
-54,-8
-14,-21
-32,40
-2,102
13,79
-15,-31
-34,59
-51,-26
-39,64
33,10
-43,-63
39,65
93,204
134,157
16,-46
78,-20
32,-50
89,-76
67,-97
101,81
127,-61
96,-103
206,-66
394,-132
388,-149
436,-46
451,-30
288,4
241,-10
232,92
235,100
212,126
159,-80
187,-22
149,232
98,78
39,168
128,51
109,26
79,53
68,81
94,150
-7,-2
53,20
66,-140
47,-57
10,-122
137,-15
26,-52
31,-7
37,48
9,-5
76,-9
53,-21
-31,26
12,-3
19,-9
52,-128
30,-20
-8,-27
51,-3
91,0
70,-31
135,-71
161,-72
205,-76
257,-69
322,-54
234,-4
255,-59
297,109
186,-34
174,136
240,190
240,200
165,254
322,353
330,38
287,96
239,54
150,-25
239,-2
207,-13
131,-9
106,57
74,-39
81,-17
10,-76
30,49
50,-56
33,-60
56,-20
89,-81
13,86
51,139
22,276
33,44
-25,81
55,-16
-6,48
-18,30
47,61
132,-26
112,127
161,-34
257,59
361,-29
470,10
471,24
348,64
371,42
414,29
324,72
207,24
240,141
207,115
302,20
371,-4
279,151
293,7
251,48
369,111
243,-16
225,-134
103,33
136,-18
-3,-46
-3,39
10,-61
65,31
51,-26
21,-160
32,-131
7,-160
-62,-71
-35,-34
52,78
-25,-41
36,-150
30,-125
-15,-102
-35,-111
32,263
-75,125
-32,-2
-81,-149
-91,-118
-49,-72
-103,-41
-48,45
-15,-137
-32,-230
-83,-149
-16,-220
-40,62
5,-144
30,-115
40,173
-23,268
-20,115
6,79
-3,16
101,-2
148,-90
153,-116
63,-26
109,62
20,-49
31,-96
60,36
59,49
0,289
-21,161
55,163
-10,304
-15,283
-55,162
-64,39
-2,33
-16,3
101,69
-2,-52
77,-38
33,193
5,209
55,45
16,-51
-54,49
51,7
-44,-134
-36,-55
-90,-59
-42,59
-5,204
7,151
63,16
34,-22
7,-11
41,20
17,291
-44,207
-3,25
-20,-43
-48,-43
-16,-90
-37,-76
-59,-67
-62,76
-47,161
38,-42
39,-162
-9,-90
-30,-152
22,99
-71,65
-22,-18
-52,-98
-55,39
-1,-72
-18,-106
65,-90
-41,25
-84,-71
-45,-60
-58,-102
-44,-116
-24,65
-4,101
-11,306
20,239
-38,-48
-63,49
-67,7
-77,121
-58,-54
-66,-76
-47,-36
-63,12
-48,-58
-31,-92
-36,-47
16,-115
-53,-28
-26,-30
-51,64
-78,-29
-34,-68
-61,-116
-112,-118
-50,-117
-54,-7
3,-131
-71,-109
-52,-2
6,-106
-42,-18
-40,52
9,-40
-56,-52
14,81
-114,116
9,36
-56,-38
-18,-35
-24,-111
27,105
-50,67
-23,96
-66,-50
-24,-26
-50,93
-20,107
-67,-64
14,-1
-73,-82
-46,-133
-97,-57
-49,-136
5,-73
-2,-95
-12,-55
-23,-47
-28,-147
-38,-77
-7,166
-2,51
21,66
-39,-93
-34,-125
-25,-27
5,45
-55,-24
35,69
46,200
54,119
14,275
7,11
27,325
24,192
62,155
28,132
8,55
11,66
4,63
-55,256
-12,128
-31,81
-9,21
33,142
-52,-44
-27,-184
-1,-73
-60,-112
-88,18
-33,-176
-78,-107
-103,-256
-56,-64
-27,-71
-23,-23
-13,-202
-129,-55
-60,-111
-61,-136
-78,-179
-21,-288
-34,-208
-59,-262
-51,-97
-41,45
-39,-60
-19,-40
-44,-137
-51,-143
-33,-120
22,97
-49,96
-61,-41
-29,-92
-88,-21
11,-55
-11,-136
-14,-105
43,-78
-8,-20
-11,74
19,60
-15,108
-50,9
-39,109
-54,2
-20,13
30,87
-16,73
19,67
0,-17
6,-12
-44,-12
-58,63
-78,5
-38,-6
61,-63
-43,-65
-24,-47
-74,-134
16,5
19,19
11,5
-32,-39
-37,3
16,124
-32,113
3,-20
33,-39
25,25
-29,-72
0,-171
57,57
22,131
-6,-56
93,-141
70,-88
109,-162
93,-1
38,96
-12,78
-1,166
-11,60
-3,-8
-72,30
-69,61
-12,6
-22,-90
-66,-149
-102,-19
-46,-73
-27,-70
-6,69
-45,39
-84,-28
-41,-87
-32,-77
13,-108
57,-149
33,-140
13,-117
33,-128
-32,-122
7,34
13,-16
0,-52
-55,-122
-33,-8
-74,-80
-72,-68
-47,-24
-87,-71
-65,-12
-38,-142
28,-98
24,-102
-11,177
3,-54
46,6
-21,117
-54,0
-79,65
-108,-65
-87,-94
-121,-39
-82,80
-2,33
-81,36
-77,132
-15,-50
-50,-5
-54,178
-88,165
-71,326
-73,331
-104,225
-118,102
10,133
-18,146
-27,10
-64,77
21,101
-29,-110
-16,-26
-30,-157
-5,-125
-17,-132
-27,-60
-21,-29
7,-145
-3,-142
-13,-179
-15,-78
8,-67
69,-27
48,85
62,82
34,167
54,96
42,1
8,105
22,226
73,-5
-29,69
13,-17
28,-26
70,105
8,-132
44,28
60,10
-24,-43
-21,34
-1,20
-7,10
29,87
53,71
53,100
67,-107
31,-47
79,124
71,42
-7,125
4,-123
-15,11
10,17
31,-27
3,140
-30,184
25,228
-16,171
-35,101
-45,78
4,-146
32,-147
58,-96
76,105
72,193
2,63
14,33
6,-46
12,-5
111,111
95,66
46,-57
4,-47
52,57
19,87
41,65
14,87
67,76
9,87
-66,-1
-4,-56
-25,-153
-30,-120
-43,97
-8,22
-6,36
-56,-117
7,-6
-10,149
17,127
-83,118
-52,-81
-41,-45
-33,65
-40,-149
33,104
34,76
16,-48
-5,-49
-10,-136
15,27
-7,-113
18,-77
2,-105
-70,-7
-28,-108
-62,-122
50,-99
3,-23
22,-8
-30,93
-4,80
25,-1
70,165
35,139
43,40
22,-5
38,73
72,63
82,24
147,-44
91,35
106,88
176,68
140,125
147,203
78,67
144,116
171,14
137,-242
140,-178
162,-105
164,-70
205,87
174,-31
90,-51
92,-127
70,-64
52,-128
124,-76
59,-83
14,-116
57,-254
24,-128
-10,-48
49,-100
69,-111
51,27
43,-64
11,-227
21,-269
39,-253
-6,-76
63,-166
-1,-83
32,-82
41,-41
41,-12
-12,-65
-24,-59
-2,-91
-17,-167
-24,-186
-49,-135
5,-10
-2,129
-30,-30
-14,-88
29,18
-4,-77
9,-123
5,-200
-28,21
-45,-114
41,-185
9,-112
-38,-81
-48,-132
-44,-102
-56,-73
-35,-3
-24,-6
-1,-135
-21,-190
31,-120
-39,-119
32,-3
-33,-76
-19,-171
-67,35
-71,-110
-72,-113
-38,-22
-50,-93
-56,-145
-125,-93
-16,-176
-43,-58
-27,-160
-28,-12
-18,-53
-33,73
-4,0
7,14
-17,51
-45,65
-27,-21
15,-202
-53,-172
1,-193
-34,51
6,114
15,93
-41,26
-23,187
-51,144
-42,25
-33,-4
-31,87
4,57
-49,-55
-20,-27
-75,-85
-42,-101
-67,-36
-31,-21
37,34
-12,-185
-35,-69
-10,5
-58,46
-83,34
-14,188
-21,104
-60,-32
-25,63
-46,98
12,143
8,-70
-7,-43
-5,-20
-67,19
-33,196
15,229
8,249
-13,24
-17,-9
-21,-67
23,94
-31,-49
24,-21
20,-14
-5,142
24,105
14,316
-19,201
-33,83
-14,31
-72,28
-14,100
20,323
5,224
12,392
10,473
-30,306
22,267
59,88
-17,23
-18,33
-17,-85
-67,-96
-9,-132
16,-145
72,-235
50,-32
18,-170
8,-129
-50,-135
-15,-87
-11,15
-20,111
-37,90
-47,-93
-57,153
-35,125
2,116
-41,-4
-22,-8
-74,-10
-10,-70
-50,-151
-42,-162
-27,-182
-12,-116
-43,-152
-39,-169
-51,-199
1,-95
-32,22
-61,8
14,-26
-27,0
30,-33
73,-117
8,-40
16,84
-48,262
-18,120
-40,99
-16,120
25,-71
-33,74
-66,-42
-7,30
-24,117
46,91
29,185
-21,145
-44,16
-57,104
-42,8
-77,-90
-24,40
-100,-133
-6,-177
30,58
-59,-40
-30,-72
-12,-174
-10,-99
-17,-101
-19,-97
-51,-38
-25,75
-17,-72
-79,15
-62,-98
-62,80
-54,75
13,118
7,102
44,138
9,109
-4,30
-58,136
-59,51
-46,41
-106,16
-41,-64
-32,-53
-62,-62
-82,130
-48,-14
-55,42
-71,-34
-76,40
-93,81
-49,9
-38,-114
-2,17
-36,84
7,-25
-59,50
-42,-54
-26,-10
-49,-89
-131,-160
-30,-137
-28,-92
0,10
24,-22
-84,-73
-22,232
-8,170
-12,43
-37,92
-27,168
-4,190
-78,17
-39,121
-82,5
-23,21
-21,-43
6,141
40,62
-18,24
21,253
11,6
5,135
-2,162
-13,354
-61,124
-49,178
23,52
-1,79
-29,249
38,176
23,277
91,211
31,108
14,47
3,35
12,24
112,60
44,-75
82,-70
94,-102
110,-58
96,174
79,162
159,240
168,228
66,172
95,138
65,69
137,156
113,110
169,60
123,-8
55,159
92,-28
42,-5
59,123
99,1
75,-55
31,-52
59,-41
57,-159
61,14
140,40
101,38
130,12
124,181
137,357
147,357
195,99
206,154
196,157
222,315
131,572
155,333
166,305
38,88
86,247
90,125
7,60
76,93
56,108
113,228
105,175
142,162
197,69
188,64
231,157
211,186
251,276
254,178
173,148
188,73
120,32
90,162
79,160
130,-4
143,56
93,48
94,80
123,-2
85,15
95,27
47,-24
67,110
49,186
24,256
38,115
-6,59
5,-81
-40,81
38,144
-42,72
-3,-26
-14,-70
102,18
47,40
-6,21
-66,101
-76,39
-70,-82
-37,-86
-61,-211
-79,-178
-81,46
-18,-11
-70,-118
-77,-197
-97,-151
-116,2
-56,136
-58,158
-63,-123
-44,-208
-95,-147
-44,-18
-22,25
18,54
-90,-204
-55,-76
-58,-108
-70,-88
-47,-91
-21,-174
-44,-90
-20,-56
-8,26
-13,-104
-52,-208
10,-110
-41,-6
2,32
-53,-153
-114,-127
-78,-145
-81,-311
-67,-222
-40,-116
-60,-132
-22,9
-43,78
-1,-118
51,-134
11,-131
-79,-96
-40,-16
-4,-29
-12,48
5,-14
23,-41
47,40
-14,-19
-53,-58
-43,-15
-93,-108
36,-112
-5,-9
-79,60
-65,150
-36,-97
22,104
-32,-49
-42,-177
75,-109
5,-5
-20,86
9,69
-1,24
-47,105
-34,-20
-6,58
-1,129
-12,-108
-32,-163
-12,-86
16,-35
9,-125
-36,-112
4,-68
-33,-81
-24,23
28,-19
34,6
-19,-30
-21,-118
21,91
60,-42
48,1
42,-70
-13,-167
-6,-27
10,-128
29,-80
-19,-55
44,-170
55,-50
73,-116
76,12
104,24
59,-37
64,38
27,-88
23,-135
47,-49
82,-77
124,42
101,87
27,94
49,222
66,75
29,64
42,-55
2,33
61,-89
12,-13
80,-150
20,81
28,0
-1,-160
29,19
1,81
75,66
29,23
2,110
20,214
-7,36
31,-48
92,215
68,203
43,67
-8,25
-6,-50
48,41
12,15
-37,-98
1,-10
15,19
55,-9
45,96
23,-53
-85,21
-7,93
28,40
-41,69
6,24
-42,-13
69,14
29,-10
39,78
-6,233
-16,64
-49,-125
-21,-109
-30,27
41,33
34,6
14,71
11,-105
6,-91
0,-75
1,3
23,-119
-24,-65
4,2
36,77
19,25
-31,209
2,95
-23,22
-24,192
-40,107
-2,105
-47,-14
-30,104
24,174
-39,112
14,77
29,32
71,126
132,298
57,138
62,257
54,163
44,248
27,353
61,443
122,198
89,280
98,336
17,273
-4,269
2,289
14,202
1,347
8,248
48,337
-5,179
-4,139
1,153
16,134
2,-50
12,31
-37,-59
-34,131
6,276
-48,1
18,123
-57,-35
10,62
47,270
52,124
51,66
-9,-96
48,-47
64,-80
7,-39
74,6
-4,81
60,-2
63,23
-28,-171
-29,-125
-44,89
13,5
-38,-18
-64,33
-35,92
9,77
-18,11
-15,81
12,-17
-35,80
-18,-81
-24,-126
-18,-78
-79,16
-61,73
25,-3
74,34
24,173
9,-37
-50,0
-25,-80
16,132
-32,-86
-49,-99
31,55
-90,143
-27,144
30,45
-1,16
47,60
-42,-26
-7,-4
-18,-133
-42,-5
-60,-13
-72,-132
13,19
27,71
52,-19
6,-19
-59,42
16,-84
109,-166
51,-277
18,-229
-7,-75
-10,-94
-10,87
9,79
-11,-150
-21,-21
-28,-19
-64,-130
-30,18
-10,-89
-10,-157
-13,-40
-40,-42
37,-89
-11,85
-49,17
-53,22
-107,-115
-96,-70
-41,-95
-30,-3
-45,41
-31,-90
-18,26
-24,-8
-33,64
-50,155
-65,78
-68,-13
1,160
1,214
2,227
-47,42
-49,-53
-77,-58
-13,-117
-117,-122
-86,-118
-16,83
-12,116
-76,-89
-70,-143
-31,-73
-65,156
-20,11
-33,-18
-50,13
-46,-1
-31,-122
-56,-130
-25,-110
-38,-75
-66,-80
-65,-18
6,-185
8,-138
-18,-103
16,1
-11,-36
11,-101
1,-219
-52,-102
-38,-153
-10,-109
3,-22
28,122
90,-27
97,65
79,-16
182,93
305,174
342,155
282,-38
296,-40
264,67
260,71
247,-2
151,43
116,79
57,63
45,54
35,33
102,104
65,-96
42,2
58,207
42,218
55,20
-5,291
-14,192
51,-4
42,-7
81,-100
141,-216
75,-315
52,-130
125,-195
33,-141
97,-20
33,-99
-15,-70
19,3
-39,177
-29,241
17,-83
-3,105
40,124
-9,224
3,168
39,209
35,97
20,82
41,83
-12,7
-9,15
92,-26
47,-135
50,-25
-5,149
-5,15
-20,81
-1,2
7,-59
-59,-15
-68,11
1,46
-42,-57
-21,-25
4,14
-68,-49
39,-21
-18,26
-44,77
-48,25
-122,-30
-20,43
-46,-13
-56,-89
-41,-51
-27,-106
-58,-147
-35,82
13,13
-60,-173
-55,-139
-12,107
-48,-94
-53,-179
7,-157
-49,-183
49,-125
-39,-56
-40,-89
-37,-23
-48,-164
-60,-155
-52,13
-16,-13
-69,-19
-86,0
-50,70
-46,-43
-20,-13
-40,-72
-32,-67
-45,-79
48,-7
-36,27
-106,-31
-28,66
-12,-40
-90,-108
-86,-218
-26,-218
-48,-135
-60,-115
-56,106
-51,-7
-44,5
-35,-57
-38,-112
-44,24
5,-23
-20,38
-23,149
-14,79
-84,-92
-54,204
-81,363
-22,100
-29,62
-8,-100
-68,-14
-66,-51
-4,-30
-8,-125
17,-109
-36,-162
-12,-90
-62,-100
-43,-81
5,-71
-82,-108
-37,100
-50,27
-39,115
-55,76
-53,131
-41,41
-64,-20
-31,17
-64,-24
8,136
-43,67
-43,-56
-46,-26
-10,-1
-10,-122
-22,-87
-46,-49
-46,-65
24,-26
55,40
31,36
-117,-11
-73,-34
-39,20
-96,-47
-18,-23
17,70
5,27
30,110
31,75
-15,43
18,-19
3,-86
17,-11
31,-76
-31,-63
18,29
0,-9
-5,34
91,159
55,173
9,29
17,82
32,-48
36,-2
68,21
42,-37
72,-73
60,-61
44,-4
97,-25
-2,28
43,61
-5,-31
73,-108
70,-127
78,-153
70,-155
75,-87
125,-97
240,96
139,145
150,156
122,42
228,119
207,52
193,126
133,8
183,165
149,129
138,41
147,17
151,-127
119,34
189,-41
131,-26
99,28
123,211
158,-30
164,3
156,71
165,-38
224,-105
130,-166
156,-161
154,-228
285,-152
192,-67
171,9
193,-33
229,-30
275,153
291,-194
323,13
228,-160
306,-192
256,-205
209,-165
237,-135
270,-179
259,87
317,-26
300,-58
329,-139
260,-35
313,107
325,43
270,-54
255,-96
312,-36
272,-25
274,44
283,52
279,-74
331,-69
325,-189
288,-117
341,185
340,33
359,67
398,241
363,149
354,40
360,-13
360,190
397,198
272,-21
348,151
365,14
286,-6
259,-35
224,-47
228,-5
269,101
255,382
226,215
354,-104
207,-112
341,63
325,108
241,110
225,117
309,77
252,89
355,16
336,186
280,-11
279,117
250,194
231,8
268,178
155,184
169,63
226,56
144,5
152,-124
147,-84
210,-39
154,-29
171,-20
119,-65
59,-139
117,-76
152,102
164,109
138,54
127,-37
96,110
125,16
81,24
73,76
70,21
107,-34
99,28
103,60
190,-53
102,21
107,14
97,124
65,98
42,83
91,67
25,145
48,193
114,118
73,81
31,148
9,10
65,103
59,21
78,115
-3,46
59,-23
-48,237
-28,182
23,58
-11,-170
34,117
36,46
74,18
-39,-57
-24,-4
-25,27
2,-33
-21,-35
-43,56
-17,263
-23,124
2,349
24,141
53,18
-7,161
-5,177
47,151
59,241
-17,235
-6,-100
82,64
55,96
15,65
23,94
3,-99
-45,-127
22,-253
29,-141
18,-74
6,-100
24,-81
10,-32
58,-44
24,-84
-37,-44
8,-64
40,-114
108,-48
27,216
-16,114
37,133
44,-16
34,-98
24,-123
-12,-49
-10,-3
26,-96
29,-29
23,-44
-25,59
31,191
36,52
29,-116
28,-99
86,-51
71,14
129,-59
158,17
208,144
162,46
125,-64
96,-123
36,-91
86,-102
117,-19
168,-41
81,11
-14,-26
17,12
-26,256
-37,272
15,226
75,-15
9,-6
-28,76
-9,93
19,134
20,187
-15,152
5,45
-30,-74
-65,-98
-37,-33
-16,12
-43,12
-104,-24
-33,-19
-32,-115
-84,-104
-63,-174
-33,-160
-62,-182
-52,-154
-11,-50
-30,93
13,220
-22,201
-4,101
38,89
-79,148
-16,272
-42,195
-70,172
-106,155
-12,-9
-30,-46
-50,-84
-51,12
-65,134
9,62
-33,169
22,-81
-54,-89
-58,-49
-12,-31
-29,123
-48,-77
-12,0
1,-70
-3,4
-11,-42
-35,-75
-40,22
-47,27
-57,-76
-72,-136
-68,-55
-38,-118
-82,-67
-14,-54
-14,-149
-48,-37
19,126
-52,-9
-55,-120
10,31
-40,-112
-47,-111
9,-69
-44,-54
-58,-65
-11,-5
-49,10
16,-47
-41,55
-82,43
-10,-26
-32,-19
-60,-39
-33,-6
-11,0
-14,105
-3,-6
-77,-21
-54,143
-45,77
-111,123
-25,324
-39,59
-73,-35
-21,-175
33,-68
13,-51
-43,-48
-30,-49
2,-161
0,-129
-18,-113
-57,-162
-24,-232
-70,-170
-48,-49
-33,-98
-55,-40
-5,2
-75,15
-46,-217
-47,-93
-46,-77
-32,-38
-47,-119
-20,-105
-19,-45
28,-109
39,-1
4,56
-22,-93
-15,-39
-32,-7
-30,-8
-102,-91
-53,1
25,33
-46,48
-52,63
-56,-46
-38,-7
-96,-77
-33,113
-13,146
-38,102
-99,-74
-25,-5
-15,45
-19,-95
-8,-69
9,123
0,170
26,20
-11,53
-33,106
-41,112
-18,-19
10,-62
-40,-64
18,-119
14,-184
44,-102
96,-15
67,140
75,75
8,63
45,-150
16,-39
11,65
30,-6
52,-83
45,113
7,50
21,-50
-17,120
-12,12
-26,-64
18,111
-18,56
7,186
27,143
43,189
28,11
11,11
9,90
53,-27
22,35
1,-4
9,-143
35,-4
-1,-51
79,-59
-42,-68
-22,-42
27,44
29,225
12,167
-30,0
-27,49
-102,75
-59,2
1,-50
14,-40
-27,29
-11,-73
-24,142
-47,131
27,-38
-13,16
-17,114
-89,46
-102,-65
-116,-113
-66,-6
-21,-45
-83,-28
-104,-79
-99,-55
-47,16
-87,-56
-20,-85
-65,82
-32,-41
-37,-42
-63,-174
-34,-179
-87,-141
-93,-47
-69,11
-57,-119
-24,-68
-56,-92
-22,-65
20,10
-46,-39
-104,-49
-44,-117
-9,65
-31,38
35,-2
-37,-118
-31,-173
8,-11
25,-82
0,-113
105,-129
210,135
160,30
143,-32
44,-44
153,-33
245,-52
235,19
166,139
208,199
163,234
198,155
138,218
121,218
190,35
184,134
197,27
188,14
143,-97
120,-60
157,-119
45,-2
-49,-116
-17,-56
-69,1
-22,-90
-17,-155
-19,-132
-59,12
-41,38
-6,-125
-48,-163
6,-52
-26,-24
-12,28
-20,-159
45,-73
-42,-32
-41,-11
-41,111
-17,-8
-52,-105
-18,-49
-22,41
0,-94
-27,-58
-48,-99
23,55
7,13
-22,-79
-25,9
-40,93
-50,102
-21,57
-17,35
-63,24
-13,-82
-78,-33
-61,-63
-72,-66
-98,-93
-72,-98
-69,-151
-82,-180
-50,59
-53,51
-22,-41
-6,104
-31,63
34,56
-82,40
-34,65
-96,-40
-58,76
-47,-7
-13,88
-73,80
-78,132
-117,27
-62,178
-102,91
-33,77
-81,30
-65,-63
-39,-77
-76,-63
-79,174
-39,83
-6,19
-33,138
-78,27
-104,71
-87,134
-89,79
-39,-44
17,161
-42,96
3,173
-92,126
-70,-17
-48,-35
-42,260
-61,30
-49,75
-36,23
-44,170
-82,228
-108,-5
-32,-117
-71,-7
-74,183
-48,222
-49,106
-63,15
-64,122
-72,47
-120,-36
-81,39
-60,175
-112,218
-92,-18
-95,-38
-34,94
-46,236
-33,19
-20,206
-35,138
8,191
-6,62
-1,21
3,-177
-31,-11
-32,105
-33,-103
-22,6
-102,37
-9,103
-57,88
-84,105
-4,-58
79,-67
-29,-119
-15,18
32,80
-20,158
0,135
8,146
27,303
-28,267
-78,333
-51,288
-160,202
-118,113
-37,-74
-44,-76
-28,119
-56,-45
-28,-102
-37,-134
-15,-55
5,-150
26,46
-5,142
-41,-25
2,-12
-8,-10
-67,-97
-26,-8
-50,125
-104,-68
-107,-119
-61,-148
-69,-135
-59,-129
-37,-92
-106,-220
-84,-169
-39,-88
-18,-214
-32,-16
-63,21
-28,188
-28,155
-45,174
-68,202
-78,210
-52,129
-98,222
-17,118
-102,158
-118,58
-66,138
-8,117
-59,78
-76,56
-65,115
-73,57
-43,158
-9,381
29,182
-34,157
-31,180
-39,129
-74,16
-17,45
-42,24
-52,111
-63,81
-2,-16
-63,-15
-39,-36
-72,43
-74,-26
-33,80
-47,230
-72,35
-17,34
14,54
42,109
-23,48
-33,50
-7,26
-25,133
-67,261
-60,307
-2,8
-9,-160
-42,-70
-35,-136
-22,-84
-24,85
-60,145
-1,166
-40,116
-30,16
-36,9
-87,67
-69,117
2,145
-8,80
-20,203
11,61
-6,-65
-42,-167
-39,-37
-23,-44
-41,-35
-42,-4
-25,-154
22,-86
10,-104
39,-70
-19,-168
121,-163
13,-75
37,-57
8,-33
-33,6
14,-190
25,-57
34,-15
15,208
23,-108
45,-24
-14,-136
14,-107
0,28
49,-86
67,-78
84,-20
23,-182
110,-155
80,-174
139,-194
32,-205
30,-148
29,-249
75,-136
167,42
124,-62
51,-84
82,-116
77,-114
113,-58
145,124
153,8
179,111
164,152
203,-34
135,-66
96,115
86,0
43,-167
88,-211
102,-195
111,-69
78,-106
82,-8
165,-16
223,-33
254,-32
172,-126
259,-17
239,9
251,-24
238,-105
288,-77
234,98
267,14
261,23
231,-115
208,-7
114,-31
193,-80
205,-144
215,-73
145,152
154,-2
172,81
198,-22
220,78
224,-21
226,134
299,0
296,50
261,237
263,140
301,20
301,139
269,230
274,-13
259,61
268,75
271,24
296,29
237,-18
238,42
222,107
284,-30
218,-44
283,-36
188,-150
169,49
186,-87
254,-2
224,-46
199,80
251,114
284,-2
252,14
274,230
236,120
227,-70
212,-25
267,66
231,29
214,34
176,80
189,69
189,19
215,71
137,65
127,-72
149,-87
173,-48
119,8
74,-199
12,-157
84,-178
76,-12
137,-105
78,-33
103,164
87,154
176,-103
121,-241
146,-87
72,91
113,78
125,17
79,-91
146,58
121,155
131,-26
67,49
172,-27
74,-168
107,-113
79,-147
111,-70
140,-69
88,-15
93,13
62,-53
145,-6
91,76
105,39
142,117
8,77
20,239
107,102
96,120
80,551
79,118
13,-173
-28,-176
-7,-77
56,-39
-12,-60
-25,-160
32,21
20,-78
63,-36
30,-99
-46,-37
0,16
6,45
46,0
30,-37
5,-140
51,-202
3,-219
20,-192
-9,-210
21,-237
4,-246
17,-169
-6,-206
-34,-171
15,-46
27,-19
-14,-219
-56,-163
32,19
-29,192
50,30
39,25
33,-9
0,0
-8,76
34,233
-10,102
33,6
7,-87
-5,-79
-15,121
18,-113
48,-61
-37,97
18,36
65,69
39,90
17,-43
35,150
-36,58
-23,-58
16,-7
-10,29
21,-7
34,59
32,94
-9,-19
-32,-54
2,25
-40,-174
-14,-177
-65,-140
-80,69
-55,-34
-46,46
-66,-60
0,86
-27,8
-36,-22
16,-95
33,17
-7,165
-6,5
24,8
4,-21
-35,46
25,-100
49,129
12,94
10,-119
4,-101
-7,-96
-32,-29
-9,-66
-36,-95
-24,52
-27,-46
-16,-113
41,67
-7,23
26,-111
72,-54
71,53
44,-21
16,16
-24,212
-51,90
-15,75
-46,-174
-35,-103
21,-31
7,-62
-7,-114
39,-34
39,-96
26,14
1,-103
2,-86
-44,7
-30,-40
-49,66
-56,116
-45,108
-17,-25
-66,-34
-14,-120
45,-203
2,-168
-27,-122
1,-63
21,141
33,72
-6,-80
24,-28
-34,-34
-4,-187
-29,-213
-39,-166
-57,20
-39,125
-32,-64
3,58
-40,-98
16,-130
-31,-103
-12,-92
-47,120
-36,130
59,47
20,-91
0,6
-24,32
-3,58
32,-114
0,-174
0,-96
44,-14
76,125
-17,59
35,101
62,143
-48,89
33,4
-19,-15
1,-30
4,1
19,60
12,-42
36,-223
18,-78
57,-101
3,79
45,76
24,-16
4,-16
77,42
17,212
15,158
31,109
83,-131
-23,-127
7,-84
51,75
-27,48
4,139
33,53
11,-20
39,56
56,84
58,158
53,126
60,169
6,-96
134,52
26,149
47,313
-6,229
115,226
78,85
107,-157
133,-63
89,-187
91,-85
106,-20
63,56
131,47
77,-2
101,142
141,173
161,221
146,68
152,-58
113,-61
167,34
153,87
105,-114
179,-21
123,-17
157,134
86,99
106,44
185,44
161,128
116,10
137,2
134,1
86,-70
96,-56
106,-52
97,-102
105,-65
196,-74
126,-97
229,-136
158,-62
183,-9
161,35
149,38
196,111
218,146
150,-40
137,-59
196,99
112,97
154,198
117,-18
233,126
199,8
198,-3
150,64
164,147
225,157
215,99
201,-141
287,-57
232,36
259,-48
296,13
178,-35
172,5
175,-3
151,125
122,233
125,197
156,-20
166,42
122,-218
121,-226
117,-188
146,-144
131,-97
191,-83
192,-79
158,-117
249,-181
342,-206
430,-209
444,-144
401,-60
511,-184
669,-134
779,-75
823,-62
823,-41
996,-83
1082,-55
1470,-166
1618,-126
1609,-174
1820,-95
2029,-95
2036,66
2069,152
2059,66
1820,115
1919,75
1709,137
1587,361
1418,478
1210,312
1127,255
1133,122
1112,214
1153,124
1239,31
1279,94
1347,81
1352,115
1506,239
1470,50
1364,-2
1361,125
1264,105
1113,43
1134,108
1116,-30
949,142
872,-92
946,-1
877,119
791,73
757,51
533,55
560,203
565,122
563,109
521,170
369,201
191,316
184,132
225,85
209,66
122,-91
81,-9
107,2
18,-106
28,-32
52,-68
10,12
9,108
21,119
-12,79
6,55
30,239
-4,-58
-66,-100
15,157
-25,23
-37,-62
-20,-123
-58,-63
-81,-2
-75,49
-76,61
-74,106
-30,20
-58,64
-29,-38
-105,-10
-94,-45
-102,-98
-81,-87
-68,74
-85,130
-51,290
10,135
-24,167
-21,57
-20,43
-10,71
10,-10
-35,231
-10,146
-54,71
-66,217
-54,59
-52,-56
-83,49
-65,80
-1,49
-33,17
-36,40
-110,-110
-43,104
-53,3
-63,-49
-117,-135
-13,-38
-43,-29
-68,90
-23,-88
-36,-49
-23,69
-68,-38
-30,-35
-26,120
-50,-36
49,-64
-5,-50
-2,-76
-30,-117
-19,-112
-29,-151
-24,-11
-38,-86
35,78
17,62
13,21
-3,100
-18,31
-50,-76
2,-22
-65,61
-70,84
-13,80
26,38
4,-39
25,-49
-30,57
-67,7
-18,-61
-33,-57
-18,-71
1,-106
57,12
18,-34
42,-25
-30,-30
-9,-188
0,-53
-12,42
-67,-53
-49,-114
-30,-66
-46,44
-55,32
-113,-94
-70,27
-59,3
8,-107
-54,-86
-87,-53
-13,45
12,-15
-27,145
-40,384
12,209
-29,79
-3,102
5,164
-18,147
3,289
17,274
-67,92
-22,3
-10,-5
-70,26
-25,54
-25,91
-26,-29
-48,23
-21,52
-19,8
-22,-12
-25,149
45,18
-72,-58
-49,-180
-30,-112
-29,-126
-87,28
-57,192
-53,99
-5,147
30,23
28,-24
19,-43
-5,-109
25,-104
4,47
-5,197
41,151
27,179
-41,182
-5,0
-31,-99
-63,2
-74,111
16,-3
-43,1
-29,-72
-5,16
-12,-23
-2,-109
8,-11
-30,50
-24,41
-85,-32
13,-35
10,205
-18,136
-32,197
-42,77
-1,154
-29,64
-33,-38
-34,-18
-60,-86
-16,-26
22,-10
-20,159
-5,159
-36,168
-46,-18
16,96
-10,136
1,8
-36,90
-62,129
-44,196
-76,12
-13,-9
-33,-74
-57,62
-34,91
-8,75
-14,116
11,110
-32,-50
-33,-25
-17,-8
-49,117
-47,128
-12,-36
-29,-101
-60,-55
6,-131
-19,-140
-4,-143
-63,78
-12,-10
-38,171
-97,181
-9,41
-24,-5
-17,241
-4,175
-61,44
-6,70
-16,-110
66,18
-78,23
-45,-156
-66,-194
-46,-67
-43,-40
-26,-66
-26,-12
0,-56
-43,-54
24,-146
-45,-21
-36,-110
-26,-165
29,-114
6,54
-60,4
29,-81
13,-59
-5,-211
28,-179
-60,60
-49,-34
6,38
-41,-75
-40,-79
-95,-15
-77,69
-40,34
12,-68
-73,-53
-58,43
-17,-29
-26,-79
32,-110
-42,-94
-45,-62
-73,-40
-39,-122
-21,-92
23,209
-69,145
-75,-91
-55,-14
-9,-34
-49,-5
-7,-53
-9,0
-112,-29
-53,-30
-46,-70
-22,-89
-11,138
-68,108
-57,72
-78,13
-119,-134
-10,-153
28,-135
-16,-2
0,-70
-16,183
-21,159
20,-144
20,-120
-74,-21
-60,-134
-20,-74
32,-116
88,-176
28,-167
29,-95
18,89
-22,-68
20,-117
17,-64
-6,-89
1,-75
-51,76
-25,73
-22,-60
-43,4
-34,-46
-60,5
-52,31
-9,-7
-45,-71
-75,-149
-2,-160
40,-21
0,-153
10,-85
46,-33
-93,-123
-91,-129
-108,21
-86,0
-57,84
-58,64
-30,33
-48,-14
-40,23
-5,-52
-47,-62
-66,-11
-41,44
-59,61
-32,-138
-15,-13
-26,-38
12,57
-3,28
-38,-35
-44,-53
-33,-8
-29,62
14,76
-3,-29
19,48
-11,-109
-31,-115
15,-170
79,-24
-45,-83
-31,-122
-12,-127
-73,-214
-47,-176
81,9
31,60
5,-55
52,36
-4,18
1,-57
-5,10
-8,-62
7,1
5,128
-17,158
-12,-90
-24,96
-24,135
-50,-217
-13,-172
-22,124
10,9
-29,25
37,-157
-24,-63
5,-54
-61,-185
-27,-134
-38,0
4,-205
16,12
-6,-52
-17,-29
-31,-7
-18,157
-36,63
4,56
25,-20
-29,-59
27,115
25,5
12,132
43,86
-6,-66
3,147
10,77
4,-99
2,-85
-20,-26
-9,-76
110,-14
187,-111
191,-44
213,63
211,29
339,18
595,245
715,201
699,101
687,36
773,-8
961,-75
989,-13
1021,-146
943,-75
1179,73
1569,103
1707,112
1692,76
1716,76
2177,149
2704,240
3324,195
3481,207
3669,163
3980,159
4527,295
4942,366
4666,378
4588,366
4833,370
5091,475
5102,516
5270,671
4952,588
4633,425
4687,450
4859,584
4504,488
4507,333
4620,244
4468,245
4453,430
4399,457
4282,508
4457,630
4268,608
4127,558
3403,361
2803,315
2703,215
2386,90
1825,84
1338,91
946,136
989,-2
1067,117
886,-8
670,-28
440,-34
486,-42
517,-10
305,-87
280,-71
138,-119
250,49
199,-8
124,-30
41,-57
92,1
51,62
113,180
65,114
91,50
64,73
10,7
6,-33
26,34
5,130
16,251
39,199
6,160
51,302
34,81
-17,191
11,-94
-3,-16
-8,65
-7,-70
-77,-152
-85,-8
-55,-81
-33,-169
-56,-160
-46,70
39,-71
14,-123
-34,32
7,24
-18,98
-107,-66
-21,-187
-21,38
-69,-3
24,-86
27,-110
13,-133
-24,-88
-41,37
27,-132
-54,-70
-73,-42
-63,158
-23,215
-70,138
26,219
-11,68
-40,-148
-45,-100
12,-82
80,76
75,261
34,270
-11,137
-20,160
-61,67
-18,-43
-3,3
38,50
54,87
-68,99
-31,131
11,59
-6,49
-24,83
-79,166
-19,27
-48,78
-58,163
13,141
1,-82
3,80
-29,-89
-41,169
-36,-59
-67,-175
-61,46
5,20
-21,-74
30,-77
4,-135
-45,-49
-17,42
-1,-32
-5,-120
8,-34
-27,-76
27,-5
9,7
-5,83
-36,58
9,-112
-33,0
-62,19
-19,-161
-15,128
-33,120
2,-33
-21,100
-54,99
-53,55
-38,-55
-51,-15
-49,-51
-88,-21
-9,-81
-100,-69
-60,-90
-114,-64
-66,-208
-30,-58
-25,-151
2,-134
-25,-86
-43,-37
-59,-20
-1,-137
7,-52
10,-6
16,-88
50,-80
66,-113
16,-15
38,-13
33,-30
2,-2
-3,-38
7,-70
-16,-5
14,0
-41,-80
-5,11
-29,66
-102,-16
6,4
-20,121
-57,242
-94,254
-26,158
-38,179
-37,178
-115,138
-71,117
-30,26
-75,-89
-65,193
-56,257
-76,383
-60,386
-18,293
-14,-3
-33,23
24,103
20,20
2,80
17,-18
-54,101
-43,-29
-79,-78
-75,-140
-47,-159
40,-93
-20,25
-60,-87
-81,19
1,96
10,-21
49,-101
13,27
15,41
13,-158
-8,-228
-41,-3
-80,66
31,22
38,126
13,-97
26,-90
-18,-160
-28,-115
-13,-63
32,116
31,-100
10,-73
-32,-62
-8,-99
7,-52
36,-200
-18,-113
-1,117
-34,45
-64,-67
-22,-59
0,-38
9,-72
-31,5
-30,25
-52,105
-74,29
-65,-24
-77,-84
-13,-156
-29,-50
-57,-73
-69,-101
-25,-67
-14,-51
-28,-17
-21,-73
-32,-47
65,-63
-47,1
-4,-57
25,-59
-40,38
-10,-142
-10,17
-58,60
4,-83
-3,52
-21,80
-15,24
-69,39
-38,116
-20,217
-35,-27
-47,-82
41,-114
-86,-55
-52,-107
-78,-99
-39,-11
-33,-91
-43,-27
14,-180
33,-136
1,-148
-97,-239
-26,-158
-105,125
9,-32
-33,-66
-57,-3
-45,-104
-50,40
-11,-11
-25,94
30,97
31,132
-2,214
26,81
-3,25
-45,114
-34,-25
-29,-21
-1,75
-20,270
-87,41
-6,-29
-45,21
34,117
8,20
37,-74
20,-87
-2,59
13,142
32,258
36,173
32,-61
1,57
-83,-52
-7,-16
-23,-18
-29,-141
-27,-57
-50,-103
-63,-47
-15,84
-7,140
-2,84
-24,-43
-6,5
59,26
-5,34
-10,85
39,164
-5,245
-9,126
-70,87
16,202
-52,95
3,85
25,-89
3,-170
-4,-178
-34,-89
-33,-118
1,-62
-38,-139
-13,-3
-52,-142
-14,-126
28,-84
8,-90
-50,-32
-34,56
-35,91
20,92
40,55
12,-76
-3,-35
22,-8
-10,51
8,113
59,-1
42,-76
46,39
-6,-70
27,132
88,142
108,-25
58,-114
61,18
58,-28
66,127
126,85
46,-46
68,90
126,67
53,-32
50,-78
129,-45
113,-19
138,62
115,73
177,64
127,29
92,14
116,137
60,-130
63,21
34,184
91,-152
34,-71
67,-61
57,-23
93,49
36,-37
47,-45
152,-58
156,-154
125,160
217,-110
227,-66
272,-198
202,-199
202,-55
196,-71
305,-44
359,-138
319,32
247,28
277,42
364,-48
278,-142
205,-104
275,-126
285,-6
259,-95
107,-97
74,-64
52,-122
111,-109
64,-104
62,128
38,87
35,11
51,-139
123,-165
79,57
23,-9
-25,-18
-6,242
9,105
13,79
-11,92
-45,28
-42,33
-50,8
22,172
-48,209
-89,60
-67,-46
-58,122
-63,-11
-58,56
-74,-28
-35,158
-27,140
-63,97
1,20
-44,290
-70,241
-68,52
-65,-6
-32,-17
-79,7
-74,-86
-31,-36
-46,12
-105,1
-62,50
-8,-11
-67,-31
-58,-99
-34,-155
-37,48
-67,104
-60,36
-25,-1
-61,55
-53,-170
-70,-108
-43,-45
-39,-18
-62,-147
-41,-119
-103,23
-47,-140
32,-20
-81,-47
-58,-139
-16,-85
5,-1
-6,62
-9,149
35,-52
29,-43
36,41
-24,102
-55,52
-20,84
61,12
68,-33
20,-136
74,-150
-44,-37
107,2
125,-70
111,-6
92,4
80,-85
178,-102
265,-8
242,37
225,17
81,-55
169,3
217,7
335,49
439,172
373,55
469,-157
661,-50
839,108
781,266
610,77
675,5
929,72
1386,61
1730,129
1682,48
1626,169
1730,-25
2300,116
2382,142
2294,211
2289,271
2688,313
3135,238
3380,284
3358,401
3100,418
3497,341
3907,466
4081,638
4324,663
4437,772
4857,877
4934,814
5110,734
5085,863
5124,665
4944,518
4785,451
4380,515
4142,531
4035,462
3824,333
3415,373
2926,245
2545,200
2525,-13
2883,188
2652,339
2331,171
2011,235
2056,74
2117,-25
2026,80
1793,143
1427,106
1312,78
1346,61
1391,192
1065,63
688,88
814,24
691,183
594,-112
406,-158
247,-36
254,107
252,-7
188,-107
167,-134
69,-262
-42,-132
-35,-52
-12,-102
22,-165
-64,-118
-49,-102
-66,-5
-26,-14
-23,-119
4,-21
-36,-23
-85,-67
-42,76
-75,-93
-100,-140
-45,15
-46,-8
-150,67
-146,43
-113,-102
-108,86
-70,-97
-4,-76
5,15
-30,109
5,14
-13,143
-53,124
-58,24
-65,71
-97,61
-65,-66
-82,37
-16,171
-93,250
17,137
-46,202
-50,291
-41,461
-41,222
-4,324
54,123
42,125
15,44
-6,35
81,-157
90,-26
21,-96
102,-7
40,-102
72,-70
6,-61
14,-128
10,-78
-33,-55
17,-125
3,-129
20,-252
-31,-127
-53,-44
-107,-138
-107,32
-49,141
-100,109
-72,9
-110,-64
-82,21
-93,6
-56,-31
-34,-62
-90,-57
-22,-29
69,-48
21,35
16,81
21,-52
-18,-66
-24,-106
-31,-18
-53,28
24,8
14,-87
-46,-5
-115,-178
-103,44
-54,45
-125,60
-86,111
-69,-7
-72,6
-64,-98
-92,-124
-70,19
-110,-40
-94,-40
-82,96
-91,17
-93,13
-73,150
-64,-95
-33,-125
-106,-7
-123,-162
-28,-100
-71,43
-128,-82
-129,-63
-77,-131
-83,-279
-134,-209
-84,-238
-49,-154
-87,-140
-65,-153
-77,-76
-119,-94
-78,-164
-60,-221
-60,-202
-89,23
-66,48
-39,-71
-35,-89
-13,41
22,95
-30,43
-30,111
32,-12
-28,15
-23,40
-43,-19
-8,-1
-24,68
-100,148
-36,74
-101,35
-53,22
-60,9
-36,92
-94,-139
-87,-74
-97,-149
-86,-186
-122,-188
-33,-213
-60,-84
-50,52
-43,89
-35,129
-51,-47
-75,-67
-25,-61
-12,31
-55,79
-106,-41
-54,-8
-162,-68
-83,-23
-110,-136
-99,-80
-62,-56
-76,21
-96,-25
-96,41
-85,192
-80,38
-120,-29
-37,-82
-27,-163
-19,-51
32,20
-8,22
-43,-6
-35,39
-43,32
-88,45
5,-39
-23,77
-39,28
-56,2
-52,-7
-23,14
-35,44
-32,63
-13,-56
-58,87
-63,-1
-17,-13
-24,8
39,30
-58,103
-126,-20
-95,-84
-62,-33
-71,-182
-24,-183
-10,-127
14,-202
-23,-184
-32,-149
-58,-76
-30,-142
-2,-98
7,-29
-18,18
-30,85
4,76
-89,118
-31,50
-50,155
-41,205
-71,11
-32,-15
19,-43
-62,-29
0,61
-62,117
-75,146
-11,235
-10,17
-3,90
7,111
12,-18
-44,191
-1,149
-21,-4
39,62
-24,64
1,-87
50,-43
4,-44
-44,-34
38,-42
65,-8
137,-105
168,100
82,-6
189,173
114,46
109,15
174,44
166,-30
142,-143
162,-114
206,-58
190,-100
225,-170
155,-152
146,27
194,-181
260,-131
372,-42
413,118
288,165
340,116
420,38
538,22
553,-36
503,2
564,-146
664,-109
785,-81
810,51
833,36
824,175
1085,13
1271,-6
1291,286
1294,138
1210,-50
1478,-85
1635,59
1789,-16
1654,144
1631,228
1768,195
1924,43
1930,127
2107,225
2014,28
2082,-30
2341,206
2503,152
2607,6
2744,215
3032,297
3299,212
3402,67
3332,-112
3239,19
3164,33
3066,22
2996,-88
2726,-124
2531,-92
2506,-112
2401,51
2360,-134
2401,-53
2604,-4
2389,-36
2475,35
2456,94
2456,-71
2636,89
2939,79
2908,174
3004,0
3126,-23
3130,-106
3032,115
3136,91
2891,69
2601,41
2378,20
2162,-10
2060,171
1981,37
1954,82
1861,116
1869,33
1874,29
1773,-3
1738,122
1874,192
2026,265
2142,-45
2300,116
2310,26
2402,86
2507,37
2413,-43
2399,-36
2374,48
2413,72
2358,99
2282,47
2251,157
2252,27
2206,35
1991,-21
1874,127
1836,139
1917,127
1984,-58
2000,-12
2078,93
2185,67
2376,-48
2377,42
2424,44
2505,-56
2823,0
2805,-140
2850,79
2791,-55
2796,-1
2910,67
2669,-81
2465,92
2296,-87
1968,-109
1866,11
1785,64
1650,118
1361,-40
1369,-93
1454,31
1445,32
1467,115
1324,155
1308,153
1447,75
1547,11
1521,53
1408,-94
1381,50
1486,90
1419,-33
1474,97
1131,20
1065,19
974,-11
1055,-13
974,-25
998,-159
883,-154
861,-15
804,-100
867,-58
842,-136
740,-149
718,-119
673,-53
687,-205
673,-59
654,-12
585,-112
563,-86
562,95
523,8
425,-86
421,-96
369,-34
553,230
487,140
392,18
395,86
334,308
352,115
332,171
363,196
292,216
296,84
266,-55
249,52
237,104
264,8
195,220
240,-80
228,-200
261,6
192,-16
185,244
167,15
147,-86
135,-129
134,-159
193,162
106,324
127,339
83,422
154,20
91,243
95,225
167,135
116,2
118,-81
82,-46
39,0
129,-35
74,43
90,9
77,-27
165,23
57,-110
116,-76
101,93
108,-59
100,-109
47,-48
55,-108
9,-9
-35,-26
55,-21
61,-96
65,-74
16,-124
80,-10
26,210
43,110
35,-45
85,-66
108,23
119,7
64,-91
-7,-64
36,-70
16,-212
-12,-151
11,-64
-10,-161
-39,-36
-54,-35
-72,-34
0,-74
28,-104
-23,-137
-29,-114
12,-195
-43,-124
9,-148
32,4
17,-62
-17,-150
-25,-11
34,-99
12,-94
-40,-194
-2,-143
49,120
-26,-15
-4,5
12,-10
-28,-100
-2,-72
27,-33
17,23
26,145
19,-47
-64,-28
-14,-26
-51,2
-43,50
-38,-103
-45,145
-19,136
-35,-115
47,-81
-18,61
39,327
49,29
-20,105
-9,171
-70,209
-24,80
-23,57
15,81
-67,-45
-64,-55
25,-97
-6,15
-74,44
-6,97
-12,-41
-37,118
-28,79
-50,111
-13,118
28,171
25,13
66,-21
88,-33
42,12
103,132
160,291
185,141
254,73
155,-68
160,56
155,-106
98,61
302,59
620,50
1067,53
1483,201
1207,277
1295,168
1464,436
1881,293
1816,388
1836,253
1886,374
2214,228
2573,306
2840,164
3145,329
3232,339
3356,477
3311,398
3429,426
3401,159
3304,135
3087,128
2769,14
2391,33
2419,27
2596,225
2404,121
1884,-137
1546,-54
1607,-8
1461,-74
1154,-18
797,-44
648,-90
653,-28
767,-21
651,-167
247,-11
221,-77
84,-149
188,-171
61,-63
50,-73
62,-84
48,-38
22,-76
67,-13
72,-90
-73,-121
-121,-151
-18,100
-76,199
-86,11
-149,5
-77,-31
-81,-146
-154,-79
-85,-63
-62,-6
-6,149
-125,-13
-96,88
-83,-19
-44,15
-115,-20
-106,-117
-99,-156
-97,-19
-63,230
-141,90
-117,-57
-116,-109
-127,8
-115,-131
-124,-249
-41,-51
-88,87
-76,-131
-42,-111
-94,-101
-87,26
-102,40
-42,-148
-73,-199
-133,-128
-116,-21
-61,77
-51,-125
-73,-149
-90,-136
-77,-143
-62,-98
-33,-157
0,-107
-90,-97
-99,17
-76,-80
-139,-21
-57,-197
-107,-222
-130,-150
-119,-119
-109,-156
-76,31
-94,-83
-89,-82
-38,-36
-108,-144
-48,-67
-141,-7
-141,-182
-85,-225
-114,-205
-102,-191
-145,-83
-80,-129
-143,-107
-65,43
-69,175
-93,129
-111,-7
-130,36
-96,85
-67,-57
-86,102
-9,-14
-33,-75
-48,-39
-56,1
-73,-37
-121,-115
-142,-82
-66,-14
-46,-101
-83,-67
-95,-6
-116,26
-182,125
-152,96
-102,91
-135,-123
-85,-300
-41,-181
-72,-191
-74,4
-41,33
-14,-125
-14,-110
-64,-108
-47,64
-26,48
-86,-54
-103,-94
-45,34
-101,-88
-60,-44
-133,-74
-70,32
-66,88
-79,-121
-108,-263
-75,-236
-51,-47
3,-14
31,-34
-29,143
-38,63
-83,-81
-60,8
-23,-62
-21,43
20,-61
-46,35
-56,-142
-13,-42
-24,13
-85,-80
-48,-147
-45,-2
-25,-93
-31,22
-50,237
-26,19
-101,-83
-40,-17
-31,142
-57,219
-69,17
-18,186
-46,-22
8,-64
63,-136
-61,-133
-24,-86
-87,-87
-95,-158
-25,-137
-55,-50
-71,-162
-35,29
-127,2
-133,-1
-110,259
-71,259
-24,83
-45,80
-147,-129
-54,-181
-110,-180
-66,-65
-99,82
-88,168
-32,-36
-84,104
-74,-78
-28,-87
-47,46
-69,1
-76,-4
-29,-46
-2,219
-45,165
-8,182
-35,176
-2,136
-6,39
-7,33
-53,-46
5,-34
21,-62
-5,-54
11,-96
21,13
3,-137
-2,-197
-28,-96
-68,37
-21,-17
9,40
-56,38
-24,136
7,111
25,176
0,178
18,118
-3,88
9,144
-46,111
-32,54
-49,58
-53,406
-20,285
-5,31
-40,29
-17,-1
-32,195
-40,37
-39,-196
-113,-48
-111,-90
-101,-89
-87,15
-37,98
-54,205
-57,-19
-36,-80
-7,-13
9,202
-57,204
-58,140
-10,122
-36,217
-10,128
19,-36
-5,118
-6,43
-17,70
15,99
17,84
-41,27
-4,81
-54,-69
-16,43
6,54
14,-41
24,23
-1,163
-16,-79
11,15
5,-66
9,12
-19,2
12,2
12,-65
-10,-112
35,-104
65,-113
35,-140
43,-196
6,-147
19,-58
-10,-33
122,-158
41,-194
68,-232
131,-136
76,-133
46,-69
122,-59
150,-95
250,-57
188,57
128,-17
216,14
271,-81
337,112
369,-6
375,-41
360,17
531,82
803,96
722,-104
519,-54
821,-90
1741,-46
2474,-7
2796,9
2404,166
2160,-15
2045,-10
1912,-19
1856,79
1743,-12
1991,-161
2275,-140
2640,19
2746,158
2771,146
2778,145
3003,-32
3592,211
4016,170
4222,85
4620,96
4837,131
4444,83
3931,129
3203,91
2585,148
1897,78
1450,106
872,68
619,-8
896,89
1039,191
815,316
589,164
479,36
583,294
494,147
438,138
336,288
186,108
196,20
187,34
144,103
51,31
15,-12
45,178
68,13
8,69
7,32
-14,-105
-43,0
-9,-132
11,10
2,-135
19,-6
44,-25
-42,95
40,82
-8,121
-50,166
-28,75
-40,17
-45,-41
-15,13
7,242
1,136
-49,41
-27,-92
-56,-8
-19,-21
36,-13
-127,184
-49,-15
-72,-150
-69,-109
-67,-34
-93,-82
-125,46
-16,26
8,127
-70,75
-84,-31
-73,52
-82,113
-78,184
-48,30
-51,-77
-17,8
-82,-115
-68,-52
-68,31
-84,65
-70,19
-37,-64
-92,113
-113,54
-52,-41
-42,-78
-60,-43
-84,3
-51,139
-89,-35
-66,-3
-124,-109
-90,-52
-55,18
-45,-13
-101,59
-65,88
-64,-155
-75,-6
-53,-112
-37,-53
-56,31
-67,-43
-97,-86
-26,89
-52,112
-76,-30
-69,-181
-50,-160
-86,-63
-46,44
-48,-33
8,-24
-72,-99
-94,29
-68,72
-76,126
-97,87
-91,39
-68,-2
-66,15
-40,43
-58,80
3,-99
-35,27
-2,32
-33,-26
16,56
-85,147
-74,-63
-48,-41
-18,14
18,62
-2,167
22,51
43,2
93,35
155,-32
87,45
60,105
81,-19
73,-88
63,19
-19,-72
-1,-128
37,-24
13,-8
-33,-77
-47,-5
-70,-26
-74,26
-55,48
-52,18
-14,87
-7,86
6,219
-24,-71
-48,-62
-41,225
-94,206
-97,-33
-54,-139
-26,-26
-103,13
-62,-85
-38,-41
-23,132
-42,130
-19,-26
17,-13
34,77
-31,168
-10,94
89,1
70,80
26,132
63,184
222,95
304,36
468,120
441,-35
619,-27
809,50
1084,98
1672,57
1528,-36
1315,-68
1704,-53
1956,-8
2534,12
2647,-187
2699,162
3064,191
3531,-16
4170,130
4625,293
4639,197
4446,98
5034,159
6329,160
6505,230
6327,467
6734,337
7848,258
8061,316
8628,474
8660,445
8434,360
8763,509
9174,577
7852,713
7436,616
7571,752
7202,562
6318,273
5771,456
5292,522
5135,360
4933,190
4639,203
3886,183
3719,479
4068,211
4488,198
3738,161
2608,54
2009,-20
1601,102
1897,96
1539,111
1181,50
767,-57
839,-4
1018,180
907,145
542,23
302,-121
319,-18
417,139
382,-42
358,-10
147,-128
104,11
95,-1
112,-23
79,-148
104,-83
82,-62
57,-139
60,-207
60,-144
15,-180
8,-115
44,-95
34,-198
36,-215
40,-95
1,20
33,-47
24,41
2,32
-13,-128
20,-61
17,-81
0,-60
0,-144
-9,-227
-68,-106
13,-110
-11,-42
-35,-42
-8,-21
-49,-8
-53,110
-34,-23
-53,-70
-42,-48
5,-13
-16,-67
-21,-110
9,-113
16,49
8,-185
-6,-96
-24,-111
-5,-104
32,43
-19,-32
-88,-107
-20,58
-5,27
-39,259
-54,167
-49,-13
-35,-39
8,-159
-2,-12
-33,-127
-40,-87
32,44
-64,-59
-62,-123
-73,52
-6,-9
-25,-82
-41,166
-36,85
-23,185
-7,166
-1,228
-44,136
-51,300
-6,238
-39,321
-28,252
-49,194
-24,121
-56,389
-21,83
-39,111
-34,136
-73,337
-16,48
-33,70
11,216
-45,125
-69,254
-88,28
-104,57
-98,-121
-82,76
-55,9
-40,-44
-45,-105
-5,-20
-23,88
21,-113
-43,-78
-47,-166
16,-185
4,-124
10,-127
-13,-94
-47,-72
-52,-118
-3,-107
-35,6
-26,-174
-28,50
-38,147
57,-42
34,90
62,-41
-58,-64
-35,-47
14,-129
35,-83
-51,-24
-45,-40
-13,-69
-61,-21
13,125
-2,57
-25,-18
-8,-51
-28,-141
-30,-131
-65,-149
16,-180
19,-193
52,134
32,27
-20,-74
-19,-166
-65,-173
-82,-192
-51,-204
-71,-182
-69,-132
-19,-128
-57,-187
-27,-39
-44,-167
-15,-142
-81,-157
-88,39
-49,52
-61,175
-76,-77
-89,54
-104,54
-29,-41
0,54
-37,147
-57,73
-87,-44
-88,-16
-58,-53
21,-61
-25,79
-89,43
-70,-32
-67,-88
-68,-98
-15,68
35,122
-42,126
-44,-94
-38,55
-13,166
-24,103
55,77
-20,88
23,39
-27,-25
20,44
10,70
-17,76
66,166
53,113
17,-6
45,-19
8,-51
33,-159
55,161
50,12
69,-90
53,-55
72,-100
79,-63
94,101
66,63
98,-30
56,-69
115,91
92,-58
80,-164
105,18
84,62
87,-83
76,8
137,143
86,172
86,-164
156,-33
228,-75
186,-19
165,-9
193,-19
236,99
166,105
60,34
76.5,-55.5
100,-120
48.5,-45.5
57,-127
52,-138.5
104,36
97,-82.5
115,35
167,-70.5
127,-72
138.5,-153
95,-227
173,-107.5
126,-212
162,-106
141,-113
196.5,-92
147,9
167.5,-95.5
117,43
213,111
190,107
157,254
126,8
128,62
122,117
114,86
112,-46
90,7
93,14
133,-57
134,181
192.5,72
71,87
131,34
171,-46
229,-20
165,-163
186,74.5
249,-176
182.5,-114.5
180,-116
141,21.5
157,150
100,6
100,8
90,-56
145,9
209,-111.5
113,-48
137,128
86,42
106.5,-46.5
102,-64
125,32.5
68,-60
73,-101
88,-38
112,96
124,-62
41,-39
36,28
105.5,64.5
55,-75
52,-65
41,29
41,118
20,140
28,87
28,63
9,97.5
0,96
81.5,-42
61,-67
-12,-144.5
-27,-119
-3,4.5
30,-42
55,34
21,17
-33.5,80
-6,247
-15,199
-35,133
59,51
-55,-14
32,89
-37,209
-50,250
-34,307
-20,66
-75,-96
-25,-132
-58,-88
-62,-112
-40,-46
-27,-71
-28,123
-43,-92.5
-53,-93
-29,-156.5
-57,-63
-69,28
-35,134
-3,-41
29,-57
-60,15.5
-16,-85
-17,-83.5
-30,-87
-34,-27
-19,-57
-18,109
-42,29
-92.5,152
-65,82
-69.5,57
-65,67
-25,-10
-34,-37
-62,-65.5
-66,-76
-43,-139
-34,-6
1.5,28
-11,162
-17,-59.5
-45,-36
-75,-158
-54,-69
-42,-169
-87,46
-84,74.5
-35,143
47.5,157
1,126
13,81
-25,170
124,54
162,-122
212,-63.5
228,39
168,-140.5
145,-135
174.5,40.5
241,196
339,145.5
291,212
363,107
527,-38
801,229
616,-14
497,-7
465,-59
620.5,-31
1026,-79
1181,16
1410,-36
1166,41
929,-54
1151,-143
993,-96
983,-78
976,-34
1048.5,115
993,93
1043,336
1016,170
988,13
1320,54
1542,-26.5
1575,-33
1714,28.5
1575,97
1496,37.5
1340,45
1407,-26.5
1393,93
1474,100.5
1543,266
1356,89.5
1118,40
918,95
1049,95
898,122
831,-14
600,20
573,64
576,60
653,158
740.5,-69
562,79
416.5,58
378,-93
284,-16
245,-134
219,-74
240,-4
307.5,-12
364,15
360,44
324,-164
397,-183
229,-98
224.5,-29.5
258,-130
279,-39
313,-19
301,-27.5
216,-75
273,-127
230,-312
261,-165
217,-48
182.5,-8
159,-4
164.5,-25
152,-73
87.5,50
89,17
31.5,-28
50,26
51.5,-58.5
20,104
-18,131
89,-57
29,43
31,136
48,25
42,-42
14,13
-1,52
44.5,18
-8,76
40,-72
-34,-85
-14,-52
24,-3
59,-143
72,-106
18.5,-139
-4,-56
45,-176
-2,-143
82,-83
-25,-139
-15,-157.5
8,-97
27,-87.5
64,-148
18.5,-109
-16,-152
1,-181
50,-177
26,-12
-49,-40
-30,-175.5
28,-67
5,-123
2,28
48.5,42
-3,113
28,116
-16,203
63,-13
37,-57
76,227
26,145
11,168.5
13,74
2.5,80
-23,40
-1,97.5
9,135
13,-27
-19,201
-50.5,87
-51,63
-12,46
-14,-7
-9,-77
-19,-118
-18,39
31,-11
34,-97
91,13
40.5,51
1,294
45,60
21,31
34,146
-22,123
48,137
0,149
-41,41
-56,33
-51.5,56
-56,144
-9,4.5
-23,49
-41.5,-147
-34,-103
-58,-1.5
-95,25
-62,-140
-56,32
-68,24
-4,-38
-12,-224
31,-47
-37,8
-13,-18
-10.5,-66
7,74
-20,110
-3,107
-87,25
50,271
-60.5,88
-78,-56
30.5,-137.5
-39,-16
-40,-130
5,60
-7.5,41.5
-23,196
-18.5,123.5
-82,19
-11,161
-35,117
-19.5,74
-85,-27
-69,13
-71,-46
-138,-12
-110,26
-107.5,-147
-93,-88
-153.5,-259
-73,-159
-55.5,-216
-57,-165
-50,-86
-12,146
19,17
18,-75
-20,-1
-66,-50
-41,12
-78,170
-51,101
-75,141
-38,27
-45,153
-42.5,179
10,281
-1.5,73
-114,39
-84,-12.5
-77,41
-87.5,-32
-64,60
-91.5,-35
-117,-64
-44.5,-115
-48,-72
-39,33
-151,56
-77,159
-102,185
-13,191.5
-84,21
-67,53
-104,105
-77,-90.5
-80,-40
14,44
-36,1
-50,-34
-76,-64
-68.5,44
-107,139
-96.5,2
-85,-7
-44.5,-12
-12,9
3.5,-19
-54,-60
-46.5,1.5
-32,-48
-15.5,41.5
-16,43
-77.5,-58
-88,-65
-42.5,119
-81,45
-52.5,11
-105,20
-76,22
-70,-22
-82.5,197
-85,45
-105.5,-100
-95,-43
-95.5,37
-57,66
-63.5,12
-123,-36
-98.5,-93
-37,-89
-71.5,-61
-28,55
-51.5,117
-53,57
-42.5,-157
-11,-105
-56,-130.5
-4,-59
-37.5,-72
-52,81
44.5,-36.5
54,-74
69.5,-27
-14,-162
-20.5,-85
-19,-75
30,-47.5
-31,89
-26,-46.5
-9,46
-14.5,-121.5
-32,0
-19.5,28
-37,26
5,-185
-47,-120
11,-71.5
-22,0
-93,-45.5
-79,8
-3.5,-99.5
-11,-129
-58.5,-190.5
-40,-162
-20,-226.5
-65,-276
-93.5,-136.5
-43,-229
-8.5,-192.5
15,-260
-71,-190.5
-38,-101
-107,-59
-67,-186
-87,-220.5
-71,-139
-84,-118.5
-14,-27
-29,11.5
-26,45
-51,-94.5
-35,110
-18,86
6,14
-85,-32
-41,144
0,77
38,-75
-44,-45.5
-63,-78
-26,37.5
-99,-10
-76,-30
-72,-42
-59.5,-19.5
3,23
-44.5,7
-16,147
-16,88
-46,55
-45,50
-177,11
-29.5,163
-89,89
-54,99
-57,174
-76.5,91
-12,-32
-11.5,136
-34,198
-125,46
5,46
-61,95
-61,131
-51,94
-48,68
-20.5,98
-4,173
